{
"type": "FeatureCollection",
"name": "8",
"crs": { "type": "name", "properties": { "name": "urn:ogc:def:crs:OGC:1.3:CRS84" } },
"features": [
{ "type": "Feature", "properties": { "h3": "881e03783bfffff" }, "geometry": { "type": "Polygon", "coordinates": [ [ [ 19.032504269983292, 47.469231010360645 ], [ 19.030078479036323, 47.464779685507274 ], [ 19.034848435189755, 47.461292475289532 ], [ 19.042044153035757, 47.462256414957494 ], [ 19.044470598385306, 47.466707660452393 ], [ 19.03970067156585, 47.470195045653838 ], [ 19.032504269983292, 47.469231010360645 ] ] ] } },
{ "type": "Feature", "properties": { "h3": "881e037a0bfffff" }, "geometry": { "type": "Polygon", "coordinates": [ [ [ 18.999407225183234, 47.543156703371011 ], [ 18.996981143120408, 47.538708670596655 ], [ 19.001756916271702, 47.535226339050311 ], [ 19.008958743316704, 47.536191865188584 ], [ 19.011385481680833, 47.540639818774508 ], [ 19.006609736778394, 47.544122325426699 ], [ 18.999407225183234, 47.543156703371011 ] ] ] } },
{ "type": "Feature", "properties": { "h3": "881e0379d5fffff" }, "geometry": { "type": "Polygon", "coordinates": [ [ [ 19.029916251599612, 47.439996050358864 ], [ 19.027491536075754, 47.435543150385037 ], [ 19.032259787174205, 47.432054706268254 ], [ 19.039452724653312, 47.433018987204591 ], [ 19.041878094135548, 47.437471807912843 ], [ 19.037109872259826, 47.440960426966377 ], [ 19.029916251599612, 47.439996050358864 ] ] ] } },
{ "type": "Feature", "properties": { "h3": "881e0379d9fffff" }, "geometry": { "type": "Polygon", "coordinates": [ [ [ 19.037192127527124, 47.453353096384042 ], [ 19.034766547282619, 47.448901023411352 ], [ 19.039535347130673, 47.445412873854856 ], [ 19.046729697819607, 47.446376622329211 ], [ 19.049155932106803, 47.450828615931357 ], [ 19.044387161741934, 47.454316940445729 ], [ 19.037192127527124, 47.453353096384042 ] ] ] } },
{ "type": "Feature", "properties": { "h3": "881e037aa7fffff" }, "geometry": { "type": "Polygon", "coordinates": [ [ [ 19.059035329507832, 47.49340933700369 ], [ 19.056607152794495, 47.48895974789253 ], [ 19.061377598496453, 47.485472482501102 ], [ 19.068576190725206, 47.486434631215005 ], [ 19.071005021733466, 47.490884140640453 ], [ 19.066234606297794, 47.494371581053706 ], [ 19.059035329507832, 47.49340933700369 ] ] ] } },
{ "type": "Feature", "properties": { "h3": "881e036113fffff" }, "geometry": { "type": "Polygon", "coordinates": [ [ [ 19.219248246413905, 47.444585806336917 ], [ 19.216811801794972, 47.440136513556915 ], [ 19.221573147712451, 47.436639939842237 ], [ 19.228770902588423, 47.437592483998031 ], [ 19.231207997540807, 47.44204169556312 ], [ 19.226446687363879, 47.445538444203216 ], [ 19.219248246413905, 47.444585806336917 ] ] ] } },
{ "type": "Feature", "properties": { "h3": "881e03622dfffff" }, "geometry": { "type": "Polygon", "coordinates": [ [ [ 19.195973380372354, 47.52399810885121 ], [ 19.193535854636906, 47.519552563362929 ], [ 19.198302984249374, 47.516060675048244 ], [ 19.205507604665875, 47.517014157178636 ], [ 19.207945782530665, 47.521459621511653 ], [ 19.203178687929892, 47.524951684885465 ], [ 19.195973380372354, 47.52399810885121 ] ] ] } },
{ "type": "Feature", "properties": { "h3": "881e037ac5fffff" }, "geometry": { "type": "Polygon", "coordinates": [ [ [ 19.04731688883647, 47.533080938046453 ], [ 19.044888183225339, 47.528633222727969 ], [ 19.049661523519326, 47.525148308066107 ], [ 19.056863539610887, 47.526110933651026 ], [ 19.059292900418232, 47.530558569313094 ], [ 19.054519590017666, 47.534043659062711 ], [ 19.04731688883647, 47.533080938046453 ] ] ] } },
{ "type": "Feature", "properties": { "h3": "881e036b59fffff" }, "geometry": { "type": "Polygon", "coordinates": [ [ [ 19.053584744907898, 47.39775383440125 ], [ 19.05115990259219, 47.39329914603745 ], [ 19.055924659156862, 47.38980771241922 ], [ 19.063114228112639, 47.390770792312296 ], [ 19.065539723213305, 47.395225401262429 ], [ 19.060774996652672, 47.398717009749184 ], [ 19.053584744907898, 47.39775383440125 ] ] ] } },
{ "type": "Feature", "properties": { "h3": "881e036327fffff" }, "geometry": { "type": "Polygon", "coordinates": [ [ [ 19.142811292007806, 47.475704209835833 ], [ 19.140378541037705, 47.47125518097895 ], [ 19.145144716816745, 47.467763404697564 ], [ 19.152343610508765, 47.468720482302892 ], [ 19.154777013836636, 47.473169430656327 ], [ 19.150010871194677, 47.476661381923833 ], [ 19.142811292007806, 47.475704209835833 ] ] ] } },
{ "type": "Feature", "properties": { "h3": "881e036051fffff" }, "geometry": { "type": "Polygon", "coordinates": [ [ [ 19.258152887979676, 47.503351732934178 ], [ 19.255712213330781, 47.498906219255751 ], [ 19.260475690658261, 47.495410643355264 ], [ 19.267679805579196, 47.49636040613408 ], [ 19.270121130783991, 47.500805838070015 ], [ 19.265357690592413, 47.504301588985491 ], [ 19.258152887979676, 47.503351732934178 ] ] ] } },
{ "type": "Feature", "properties": { "h3": "881e0361ddfffff" }, "geometry": { "type": "Polygon", "coordinates": [ [ [ 19.26244268542915, 47.450294859325432 ], [ 19.260003423374624, 47.44584664074776 ], [ 19.264763468438755, 47.442348431696217 ], [ 19.271962738405151, 47.443298266310954 ], [ 19.274402650038748, 47.4477464032204 ], [ 19.269642642207131, 47.451244787199201 ], [ 19.26244268542915, 47.450294859325432 ] ] ] } },
{ "type": "Feature", "properties": { "h3": "881e03784dfffff" }, "geometry": { "type": "Polygon", "coordinates": [ [ [ 18.977582879998103, 47.503114463746272 ], [ 18.975159395637593, 47.498663945599077 ], [ 18.979933514533951, 47.495180726889906 ], [ 18.987131090402745, 47.496147851304052 ], [ 18.989555230808296, 47.500598290579333 ], [ 18.984781139379539, 47.504081684328483 ], [ 18.977582879998103, 47.503114463746272 ] ] ] } },
{ "type": "Feature", "properties": { "h3": "881e036027fffff" }, "geometry": { "type": "Polygon", "coordinates": [ [ [ 19.226559314241758, 47.457932024991486 ], [ 19.224122002594708, 47.453483562107095 ], [ 19.228883890670602, 47.449987281475934 ], [ 19.236083054469123, 47.450939288799155 ], [ 19.238521016530267, 47.455387670364338 ], [ 19.233759164458959, 47.458884125941374 ], [ 19.226559314241758, 47.457932024991486 ] ] ] } },
{ "type": "Feature", "properties": { "h3": "881e037a1dfffff" }, "geometry": { "type": "Polygon", "coordinates": [ [ [ 19.011385481680833, 47.540639818774508 ], [ 19.008958743316704, 47.536191865188584 ], [ 19.013733908802084, 47.532708887665798 ], [ 19.020935784071238, 47.53367368864356 ], [ 19.023363178460613, 47.53812156292399 ], [ 19.018588041635333, 47.541604715548246 ], [ 19.011385481680833, 47.540639818774508 ] ] ] } },
{ "type": "Feature", "properties": { "h3": "881e036119fffff" }, "geometry": { "type": "Polygon", "coordinates": [ [ [ 19.204961283950045, 47.455073012179028 ], [ 19.202525381946728, 47.450624012605083 ], [ 19.207287918895986, 47.447128549994645 ], [ 19.214486322670119, 47.448081912029437 ], [ 19.21692287546405, 47.452530830510995 ], [ 19.21216037377333, 47.456026468066042 ], [ 19.204961283950045, 47.455073012179028 ] ] ] } },
{ "type": "Feature", "properties": { "h3": "881e036819fffff" }, "geometry": { "type": "Polygon", "coordinates": [ [ [ 19.153867964245929, 47.361586015393804 ], [ 19.151438121202606, 47.357131219332032 ], [ 19.156196856537193, 47.35363370586203 ], [ 19.163385401575805, 47.354590813666903 ], [ 19.165815894840474, 47.359045529366 ], [ 19.16105719292484, 47.362543217638816 ], [ 19.153867964245929, 47.361586015393804 ] ] ] } },
{ "type": "Feature", "properties": { "h3": "881e03685bfffff" }, "geometry": { "type": "Polygon", "coordinates": [ [ [ 19.149208770384071, 47.377488112318474 ], [ 19.146778713502883, 47.373034062542764 ], [ 19.151538602239683, 47.369537484283548 ], [ 19.15872851466472, 47.370494780987748 ], [ 19.161159222125232, 47.37494875041353 ], [ 19.156399366661063, 47.37844550350097 ], [ 19.149208770384071, 47.377488112318474 ] ] ] } },
{ "type": "Feature", "properties": { "h3": "881e03636dfffff" }, "geometry": { "type": "Polygon", "coordinates": [ [ [ 19.111867451309326, 47.504583631632414 ], [ 19.109435685801273, 47.500135566019992 ], [ 19.114204819074853, 47.496646486077886 ], [ 19.121405685840852, 47.49760529672777 ], [ 19.123838104800626, 47.502053282088006 ], [ 19.119069003622638, 47.505542537066567 ], [ 19.111867451309326, 47.504583631632414 ] ] ] } },
{ "type": "Feature", "properties": { "h3": "881e03610bfffff" }, "geometry": { "type": "Polygon", "coordinates": [ [ [ 19.183365538690357, 47.452209935352684 ], [ 19.180931046738223, 47.44776039962688 ], [ 19.1856942310439, 47.44426575517582 ], [ 19.192891872869101, 47.44522047152347 ], [ 19.195327015987782, 47.449669926383898 ], [ 19.190563866194726, 47.453164745777983 ], [ 19.183365538690357, 47.452209935352684 ] ] ] } },
{ "type": "Feature", "properties": { "h3": "881e036005fffff" }, "geometry": { "type": "Polygon", "coordinates": [ [ [ 19.231548263080779, 47.479218530090861 ], [ 19.229109975544276, 47.474771272247615 ], [ 19.233872983920904, 47.471275753007504 ], [ 19.241074243717982, 47.47222731664673 ], [ 19.243513181928499, 47.476674493072473 ], [ 19.238750209748183, 47.48017018729238 ], [ 19.231548263080779, 47.479218530090861 ] ] ] } },
{ "type": "Feature", "properties": { "h3": "881e03603dfffff" }, "geometry": { "type": "Polygon", "coordinates": [ [ [ 19.245836637612655, 47.468731154214147 ], [ 19.243397808059409, 47.464283603124656 ], [ 19.248159623789228, 47.460786972594548 ], [ 19.255360232474086, 47.461737718209534 ], [ 19.257799712243447, 47.466185187759201 ], [ 19.253037933192129, 47.469681993249559 ], [ 19.245836637612655, 47.468731154214147 ] ] ] } },
{ "type": "Feature", "properties": { "h3": "881e037ad3fffff" }, "geometry": { "type": "Polygon", "coordinates": [ [ [ 19.102513257475952, 47.536323767286156 ], [ 19.100081065392715, 47.531877201543573 ], [ 19.104852514620664, 47.528390000776632 ], [ 19.112056124212433, 47.529349190678495 ], [ 19.114488970467967, 47.533795676192234 ], [ 19.109717553039477, 47.537283052048934 ], [ 19.102513257475952, 47.536323767286156 ] ] ] } },
{ "type": "Feature", "properties": { "h3": "881e0371a9fffff" }, "geometry": { "type": "Polygon", "coordinates": [ [ [ 19.121789244780508, 47.547133471182626 ], [ 19.119355530709193, 47.542687816496915 ], [ 19.124126916001384, 47.539200265542206 ], [ 19.13133198297162, 47.540158194183022 ], [ 19.1337663510208, 47.544603768418135 ], [ 19.128994998201971, 47.548091494479031 ], [ 19.121789244780508, 47.547133471182626 ] ] ] } },
{ "type": "Feature", "properties": { "h3": "881e1cb687fffff" }, "geometry": { "type": "Polygon", "coordinates": [ [ [ 18.957716316724603, 47.380734613392349 ], [ 18.955297881294324, 47.376277350060299 ], [ 18.960065199895361, 47.37278936625966 ], [ 18.967250927307422, 47.373758470962727 ], [ 18.969670017094881, 47.378215655906253 ], [ 18.964902725192164, 47.381703814551351 ], [ 18.957716316724603, 47.380734613392349 ] ] ] } },
{ "type": "Feature", "properties": { "h3": "881e0361cbfffff" }, "geometry": { "type": "Polygon", "coordinates": [ [ [ 19.250482140592904, 47.452841948424584 ], [ 19.248043528395907, 47.448393648294996 ], [ 19.252804188158297, 47.444896081915438 ], [ 19.260003423374624, 47.44584664074776 ], [ 19.26244268542915, 47.450294859325432 ], [ 19.257682062490066, 47.453792600638543 ], [ 19.250482140592904, 47.452841948424584 ] ] ] } },
{ "type": "Feature", "properties": { "h3": "881e0362a5fffff" }, "geometry": { "type": "Polygon", "coordinates": [ [ [ 19.282088791935465, 47.498258574749258 ], [ 19.27964681645388, 47.49381322467196 ], [ 19.284409061900451, 47.490316362302011 ], [ 19.291613244953211, 47.491264675023103 ], [ 19.294055870432331, 47.495709943125661 ], [ 19.289293662941652, 47.499206980497704 ], [ 19.282088791935465, 47.498258574749258 ] ] ] } },
{ "type": "Feature", "properties": { "h3": "881e037027fffff" }, "geometry": { "type": "Polygon", "coordinates": [ [ [ 19.11009379846497, 47.586786813662002 ], [ 19.10765954984689, 47.58234303684219 ], [ 19.112433833541413, 47.578857837291487 ], [ 19.119642333831276, 47.579816239402611 ], [ 19.122077237329467, 47.584259935800226 ], [ 19.117302985737879, 47.587745310524937 ], [ 19.11009379846497, 47.586786813662002 ] ] ] } },
{ "type": "Feature", "properties": { "h3": "881e036103fffff" }, "geometry": { "type": "Polygon", "coordinates": [ [ [ 19.1856942310439, 47.44426575517582 ], [ 19.183259846742757, 47.439815845229305 ], [ 19.188022453199682, 47.436320732485981 ], [ 19.195219409452076, 47.437275354775224 ], [ 19.197654444740358, 47.441725183850274 ], [ 19.192891872869101, 47.44522047152347 ], [ 19.1856942310439, 47.44426575517582 ] ] ] } },
{ "type": "Feature", "properties": { "h3": "881e0371bdfffff" }, "geometry": { "type": "Polygon", "coordinates": [ [ [ 19.14574288682001, 47.542072695029233 ], [ 19.143307865070756, 47.537627201361303 ], [ 19.148078026268799, 47.534138360477087 ], [ 19.155283176000932, 47.535094838181408 ], [ 19.157718851172376, 47.539540251165619 ], [ 19.152948723269695, 47.543029267145215 ], [ 19.14574288682001, 47.542072695029233 ] ] ] } },
{ "type": "Feature", "properties": { "h3": "881e037129fffff" }, "geometry": { "type": "Polygon", "coordinates": [ [ [ 19.037933613294918, 47.564803000549446 ], [ 19.035504484834576, 47.560356785977007 ], [ 19.040280142973138, 47.556873753954278 ], [ 19.047484900057707, 47.557836761378994 ], [ 19.049914684436466, 47.562282896317974 ], [ 19.04513905589215, 47.565766103481785 ], [ 19.037933613294918, 47.564803000549446 ] ] ] } },
{ "type": "Feature", "properties": { "h3": "881e0344a3fffff" }, "geometry": { "type": "Polygon", "coordinates": [ [ [ 18.968389530854143, 47.571968969398299 ], [ 18.965964448314754, 47.567521904118593 ], [ 18.9707431747198, 47.564042279016455 ], [ 18.977946956544425, 47.565009544056117 ], [ 18.980372696479357, 47.56945653039871 ], [ 18.975593997273812, 47.57293633065489 ], [ 18.968389530854143, 47.571968969398299 ] ] ] } },
{ "type": "Feature", "properties": { "h3": "881e037ae7fffff" }, "geometry": { "type": "Polygon", "coordinates": [ [ [ 19.042376590496573, 47.511803207988706 ], [ 19.039948857110979, 47.507354288551774 ], [ 19.044721068913145, 47.503868608307819 ], [ 19.051920984474041, 47.504831672464057 ], [ 19.054349372791211, 47.509280512344034 ], [ 19.049577190695665, 47.512766367640793 ], [ 19.042376590496573, 47.511803207988706 ] ] ] } },
{ "type": "Feature", "properties": { "h3": "881e037037fffff" }, "geometry": { "type": "Polygon", "coordinates": [ [ [ 19.143705697651871, 47.587131889893911 ], [ 19.141269377820528, 47.58268873053045 ], [ 19.146042404025042, 47.579202064611039 ], [ 19.153251716877193, 47.580158382899548 ], [ 19.155688690934571, 47.584601461496952 ], [ 19.150915697994101, 47.588088302587906 ], [ 19.143705697651871, 47.587131889893911 ] ] ] } },
{ "type": "Feature", "properties": { "h3": "881e036227fffff" }, "geometry": { "type": "Polygon", "coordinates": [ [ [ 19.210274120280459, 47.513521624761474 ], [ 19.207836050643628, 47.509075785275456 ], [ 19.212601987392972, 47.505582783929555 ], [ 19.219805958364308, 47.506535447045941 ], [ 19.222244679672176, 47.510981205254502 ], [ 19.217478778417991, 47.514474381640063 ], [ 19.210274120280459, 47.513521624761474 ] ] ] } },
{ "type": "Feature", "properties": { "h3": "881e03623dfffff" }, "geometry": { "type": "Polygon", "coordinates": [ [ [ 19.22956258061739, 47.524316816442159 ], [ 19.227122990756019, 47.51987189000527 ], [ 19.231888856177587, 47.516378538572532 ], [ 19.239094275370746, 47.517329938537955 ], [ 19.24153451670534, 47.521774783476509 ], [ 19.23676868745396, 47.525268309963884 ], [ 19.22956258061739, 47.524316816442159 ] ] ] } },
{ "type": "Feature", "properties": { "h3": "881e03600dfffff" }, "geometry": { "type": "Polygon", "coordinates": [ [ [ 19.229223072370676, 47.487160464067713 ], [ 19.226784676370315, 47.482713580989873 ], [ 19.231548263080779, 47.479218530090861 ], [ 19.238750209748183, 47.48017018729238 ], [ 19.241189256602063, 47.484616988958685 ], [ 19.236425706015282, 47.488112214850908 ], [ 19.229223072370676, 47.487160464067713 ] ] ] } },
{ "type": "Feature", "properties": { "h3": "881e036233fffff" }, "geometry": { "type": "Polygon", "coordinates": [ [ [ 19.25350587331096, 47.519231381246307 ], [ 19.251064980782143, 47.514786617922326 ], [ 19.255829615575546, 47.511291978967904 ], [ 19.26303510598725, 47.512241928311177 ], [ 19.265476649431218, 47.516686609904454 ], [ 19.260712051628808, 47.520181423901029 ], [ 19.25350587331096, 47.519231381246307 ] ] ] } },
{ "type": "Feature", "properties": { "h3": "881e03630bfffff" }, "geometry": { "type": "Polygon", "coordinates": [ [ [ 19.167051515351837, 47.5077955885099 ], [ 19.164616270241627, 47.503348675010841 ], [ 19.169383502865788, 47.499857311827363 ], [ 19.176585946680117, 47.500812687122881 ], [ 19.179021844214464, 47.505259519798393 ], [ 19.174254645590462, 47.508751058017893 ], [ 19.167051515351837, 47.5077955885099 ] ] ] } },
{ "type": "Feature", "properties": { "h3": "881e037b03fffff" }, "geometry": { "type": "Polygon", "coordinates": [ [ [ 18.934398815451679, 47.497301671119665 ], [ 18.931978165748522, 47.492850089869599 ], [ 18.936753548429852, 47.489368512838269 ], [ 18.943949554917737, 47.490338342043167 ], [ 18.946370861404844, 47.494789844878859 ], [ 18.941595504699503, 47.498271596940157 ], [ 18.934398815451679, 47.497301671119665 ] ] ] } },
{ "type": "Feature", "properties": { "h3": "881e036361fffff" }, "geometry": { "type": "Polygon", "coordinates": [ [ [ 19.123838104800626, 47.502053282088006 ], [ 19.121405685840852, 47.49760529672777 ], [ 19.126174208258, 47.494115572254913 ], [ 19.133375117208928, 47.495073658127104 ], [ 19.13580818934323, 47.499521563118428 ], [ 19.131039699432058, 47.503011462622489 ], [ 19.123838104800626, 47.502053282088006 ] ] ] } },
{ "type": "Feature", "properties": { "h3": "881e037a69fffff" }, "geometry": { "type": "Polygon", "coordinates": [ [ [ 18.953843368230025, 47.545282431618617 ], [ 18.95142001843503, 47.540833708266696 ], [ 18.956197639066669, 47.537353490547162 ], [ 18.96339858289388, 47.538321821086392 ], [ 18.96582258991225, 47.542770465712749 ], [ 18.9610449959596, 47.54625085854159 ], [ 18.953843368230025, 47.545282431618617 ] ] ] } },
{ "type": "Feature", "properties": { "h3": "881e03713bfffff" }, "geometry": { "type": "Polygon", "coordinates": [ [ [ 19.08351257206521, 47.562645018803401 ], [ 19.081080715195387, 47.558199498866543 ], [ 19.085854513475354, 47.554714354237909 ], [ 19.093060137539698, 47.555674554427014 ], [ 19.095492649400324, 47.560119994268931 ], [ 19.090718882285838, 47.563605314032728 ], [ 19.08351257206521, 47.562645018803401 ] ] ] } },
{ "type": "Feature", "properties": { "h3": "881e037919fffff" }, "geometry": { "type": "Polygon", "coordinates": [ [ [ 18.970098660904871, 47.452596737203002 ], [ 18.967677219298778, 47.448143442660275 ], [ 18.972448500306815, 47.444658222118441 ], [ 18.979641195826215, 47.44562612117732 ], [ 18.982063292765524, 47.450079337040911 ], [ 18.977292038931587, 47.45356473254089 ], [ 18.970098660904871, 47.452596737203002 ] ] ] } },
{ "type": "Feature", "properties": { "h3": "881e037a95fffff" }, "geometry": { "type": "Polygon", "coordinates": [ [ [ 19.097557125518449, 47.515048348048197 ], [ 19.09512590725349, 47.510600577130788 ], [ 19.099896229873909, 47.507112611602317 ], [ 19.107097739228195, 47.508072241952391 ], [ 19.10952961140201, 47.512519932740233 ], [ 19.10475932039262, 47.516008073323569 ], [ 19.097557125518449, 47.515048348048197 ] ] ] } },
{ "type": "Feature", "properties": { "h3": "881e03710bfffff" }, "geometry": { "type": "Polygon", "coordinates": [ [ [ 19.066844093372548, 47.581026330835336 ], [ 19.064412679381888, 47.576581482017453 ], [ 19.069188247727389, 47.57309792454538 ], [ 19.07639519953873, 47.574059040740167 ], [ 19.078827269158747, 47.578503809591169 ], [ 19.074051731418116, 47.581987542230358 ], [ 19.066844093372548, 47.581026330835336 ] ] ] } },
{ "type": "Feature", "properties": { "h3": "881e037811fffff" }, "geometry": { "type": "Polygon", "coordinates": [ [ [ 19.039783373549156, 47.482583329328754 ], [ 19.037356717196975, 47.47813283232427 ], [ 19.042127222424192, 47.474645916951395 ], [ 19.049324354488466, 47.47560932359395 ], [ 19.051751665327565, 47.480059741134845 ], [ 19.046981189695131, 47.483546831512811 ], [ 19.039783373549156, 47.482583329328754 ] ] ] } },
{ "type": "Feature", "properties": { "h3": "881e036a45fffff" }, "geometry": { "type": "Polygon", "coordinates": [ [ [ 19.080098743386422, 47.421947270265861 ], [ 19.077671519624364, 47.417494314351927 ], [ 19.08243676264695, 47.414002824871986 ], [ 19.089629198576713, 47.41496411641684 ], [ 19.092057075015259, 47.419416992590612 ], [ 19.087291862927188, 47.4229086569757 ], [ 19.080098743386422, 47.421947270265861 ] ] ] } },
{ "type": "Feature", "properties": { "h3": "881e036003fffff" }, "geometry": { "type": "Polygon", "coordinates": [ [ [ 19.253154861938363, 47.482072145686153 ], [ 19.250715164509497, 47.477625425547686 ], [ 19.255477521798152, 47.474129088141481 ], [ 19.262679539652762, 47.475079295908813 ], [ 19.265119887377917, 47.479525934403206 ], [ 19.260357567032518, 47.483022446790201 ], [ 19.253154861938363, 47.482072145686153 ] ] ] } },
{ "type": "Feature", "properties": { "h3": "881e036237fffff" }, "geometry": { "type": "Polygon", "coordinates": [ [ [ 19.243859525659243, 47.513835943277137 ], [ 19.241419393077972, 47.509390723107863 ], [ 19.246184064524641, 47.505896259188297 ], [ 19.253388831979734, 47.50684684041903 ], [ 19.255829615575546, 47.511291978967904 ], [ 19.251064980782143, 47.514786617922326 ], [ 19.243859525659243, 47.513835943277137 ] ] ] } },
{ "type": "Feature", "properties": { "h3": "881e0362a9fffff" }, "geometry": { "type": "Polygon", "coordinates": [ [ [ 19.289416456204769, 47.511592960498774 ], [ 19.286973611768261, 47.507148442715334 ], [ 19.291736397906298, 47.503651873488394 ], [ 19.298941990339774, 47.504599647037985 ], [ 19.301385484853355, 47.509044082742406 ], [ 19.296622736936929, 47.512540826992108 ], [ 19.289416456204769, 47.511592960498774 ] ] ] } },
{ "type": "Feature", "properties": { "h3": "881e037895fffff" }, "geometry": { "type": "Polygon", "coordinates": [ [ [ 19.113920941001304, 47.459480464090881 ], [ 19.111490468443183, 47.45503007136562 ], [ 19.116256741616521, 47.451538819995733 ], [ 19.123453455299046, 47.452497786404429 ], [ 19.125884580506572, 47.456948098958449 ], [ 19.121118339461987, 47.460439525290994 ], [ 19.113920941001304, 47.459480464090881 ] ] ] } },
{ "type": "Feature", "properties": { "h3": "881e036853fffff" }, "geometry": { "type": "Polygon", "coordinates": [ [ [ 19.151538602239683, 47.369537484283548 ], [ 19.149108652270264, 47.36508306131639 ], [ 19.153867964245929, 47.361586015393804 ], [ 19.16105719292484, 47.362543217638816 ], [ 19.163487793294543, 47.366997560249665 ], [ 19.15872851466472, 47.370494780987748 ], [ 19.151538602239683, 47.369537484283548 ] ] ] } },
{ "type": "Feature", "properties": { "h3": "881e036021fffff" }, "geometry": { "type": "Polygon", "coordinates": [ [ [ 19.22423426811962, 47.465875925898601 ], [ 19.221796848146212, 47.461427837498441 ], [ 19.226559314241758, 47.457932024991486 ], [ 19.233759164458959, 47.458884125941374 ], [ 19.236197235025841, 47.463332133028359 ], [ 19.231434804862264, 47.466828120494526 ], [ 19.22423426811962, 47.465875925898601 ] ] ] } },
{ "type": "Feature", "properties": { "h3": "881e03635dfffff" }, "geometry": { "type": "Polygon", "coordinates": [ [ [ 19.162386126357177, 47.52366960907208 ], [ 19.159950666187655, 47.51922344564008 ], [ 19.164719056560674, 47.515733020994759 ], [ 19.171922873330129, 47.516688584734503 ], [ 19.174358986283696, 47.521134667354673 ], [ 19.16959062976397, 47.524625267062873 ], [ 19.162386126357177, 47.52366960907208 ] ] ] } },
{ "type": "Feature", "properties": { "h3": "881e037887fffff" }, "geometry": { "type": "Polygon", "coordinates": [ [ [ 19.092330286693578, 47.456600573636784 ], [ 19.089901226492277, 47.452149646746356 ], [ 19.094668140898769, 47.448659214365605 ], [ 19.101864084203079, 47.449619533931454 ], [ 19.104293797427001, 47.454070380878342 ], [ 19.099526914403754, 47.457560988218901 ], [ 19.092330286693578, 47.456600573636784 ] ] ] } },
{ "type": "Feature", "properties": { "h3": "881e036ac5fffff" }, "geometry": { "type": "Polygon", "coordinates": [ [ [ 19.16379516529285, 47.404206621156113 ], [ 19.16136337859281, 47.399754225879377 ], [ 19.166124354624611, 47.396258233579367 ], [ 19.173317083639265, 47.397214461703378 ], [ 19.175749521082029, 47.401666776421621 ], [ 19.170988578847272, 47.40516294359027 ], [ 19.16379516529285, 47.404206621156113 ] ] ] } },
{ "type": "Feature", "properties": { "h3": "881e036a19fffff" }, "geometry": { "type": "Polygon", "coordinates": [ [ [ 19.137552558657561, 47.417228632234931 ], [ 19.135121967432902, 47.412776449866001 ], [ 19.139884741777941, 47.409282211660098 ], [ 19.147078074521328, 47.410239980946642 ], [ 19.149509317221199, 47.414692082996915 ], [ 19.144746575782253, 47.418186496095252 ], [ 19.137552558657561, 47.417228632234931 ] ] ] } },
{ "type": "Feature", "properties": { "h3": "881e037ae3fffff" }, "geometry": { "type": "Polygon", "coordinates": [ [ [ 19.052005684792405, 47.517214832762164 ], [ 19.049577190695665, 47.512766367640793 ], [ 19.054349372791211, 47.509280512344034 ], [ 19.061550019020611, 47.510242947123416 ], [ 19.063979167952859, 47.514691332576739 ], [ 19.059207015900018, 47.518177362934779 ], [ 19.052005684792405, 47.517214832762164 ] ] ] } },
{ "type": "Feature", "properties": { "h3": "881e0344a5fffff" }, "geometry": { "type": "Polygon", "coordinates": [ [ [ 18.946777703872975, 47.569064175675329 ], [ 18.944354041210236, 47.564616577593377 ], [ 18.949133400769142, 47.561137774391248 ], [ 18.956336396618724, 47.562106394138347 ], [ 18.95876071704749, 47.566553913511868 ], [ 18.953981383940253, 47.57003289186283 ], [ 18.946777703872975, 47.569064175675329 ] ] ] } },
{ "type": "Feature", "properties": { "h3": "881e0371bbfffff" }, "geometry": { "type": "Polygon", "coordinates": [ [ [ 19.167361164148623, 47.544941054539713 ], [ 19.164924728173453, 47.540496097716378 ], [ 19.169694243072435, 47.537006436977336 ], [ 19.176900159983227, 47.537961557979813 ], [ 19.179337249004501, 47.542406433892232 ], [ 19.174567768149167, 47.545896269729042 ], [ 19.167361164148623, 47.544941054539713 ] ] ] } },
{ "type": "Feature", "properties": { "h3": "881e036a3bfffff" }, "geometry": { "type": "Polygon", "coordinates": [ [ [ 19.132594153645613, 47.395923716144168 ], [ 19.130164534197675, 47.391470332821015 ], [ 19.134926186656351, 47.387975333105999 ], [ 19.142117425925118, 47.388933541870905 ], [ 19.144547696586862, 47.393386844973584 ], [ 19.13978607684572, 47.396882019547768 ], [ 19.132594153645613, 47.395923716144168 ] ] ] } },
{ "type": "Feature", "properties": { "h3": "881e0360c7fffff" }, "geometry": { "type": "Polygon", "coordinates": [ [ [ 19.310657370443209, 47.477272431934495 ], [ 19.308214314616613, 47.472826495997474 ], [ 19.312974170146177, 47.469327412240496 ], [ 19.320177042663616, 47.470274089474707 ], [ 19.322620747570312, 47.474719943192966 ], [ 19.31786093095997, 47.478219201911593 ], [ 19.310657370443209, 47.477272431934495 ] ] ] } },
{ "type": "Feature", "properties": { "h3": "881e037983fffff" }, "geometry": { "type": "Polygon", "coordinates": [ [ [ 19.03460285019499, 47.424112519052997 ], [ 19.032178345133552, 47.419658871715754 ], [ 19.036945440797009, 47.416169488924375 ], [ 19.044137012229527, 47.417133578575061 ], [ 19.046562170889807, 47.421587146634472 ], [ 19.041795104598176, 47.425076704337052 ], [ 19.03460285019499, 47.424112519052997 ] ] ] } },
{ "type": "Feature", "properties": { "h3": "881e03791bfffff" }, "geometry": { "type": "Polygon", "coordinates": [ [ [ 18.982063292765524, 47.450079337040911 ], [ 18.979641195826215, 47.44562612117732 ], [ 18.984411871581663, 47.442140255656881 ], [ 18.991604616771866, 47.44310743106211 ], [ 18.994027368769721, 47.447560568129234 ], [ 18.989256720598217, 47.451046608603683 ], [ 18.982063292765524, 47.450079337040911 ] ] ] } },
{ "type": "Feature", "properties": { "h3": "881e037833fffff" }, "geometry": { "type": "Polygon", "coordinates": [ [ [ 19.034848435189755, 47.461292475289532 ], [ 19.032422749586509, 47.456840776328583 ], [ 19.037192127527124, 47.453353096384042 ], [ 19.044387161741934, 47.454316940445729 ], [ 19.046813501567776, 47.458768560042181 ], [ 19.042044153035757, 47.462256414957494 ], [ 19.034848435189755, 47.461292475289532 ] ] ] } },
{ "type": "Feature", "properties": { "h3": "881e1cb6d7fffff" }, "geometry": { "type": "Polygon", "coordinates": [ [ [ 18.974581226224167, 47.39952941363331 ], [ 18.972161169554777, 47.395073426183544 ], [ 18.976929011633985, 47.391585562040859 ], [ 18.98411688317103, 47.392553510490195 ], [ 18.986537594188775, 47.397009419335198 ], [ 18.98176977940032, 47.400497458351722 ], [ 18.974581226224167, 47.39952941363331 ] ] ] } },
{ "type": "Feature", "properties": { "h3": "881e037a6bfffff" }, "geometry": { "type": "Polygon", "coordinates": [ [ [ 18.96582258991225, 47.542770465712749 ], [ 18.96339858289388, 47.538321821086392 ], [ 18.968175597369388, 47.534840956992461 ], [ 18.975376591852527, 47.535808562435754 ], [ 18.977801255818811, 47.540257128219338 ], [ 18.973024268433647, 47.543738167418539 ], [ 18.96582258991225, 47.542770465712749 ] ] ] } },
{ "type": "Feature", "properties": { "h3": "881e03781bfffff" }, "geometry": { "type": "Polygon", "coordinates": [ [ [ 19.049408606193243, 47.487996874670969 ], [ 19.046981189695131, 47.483546831512811 ], [ 19.051751665327565, 47.480059741134845 ], [ 19.058949527607322, 47.481022518917605 ], [ 19.061377598496453, 47.485472482501102 ], [ 19.056607152794495, 47.48895974789253 ], [ 19.049408606193243, 47.487996874670969 ] ] ] } },
{ "type": "Feature", "properties": { "h3": "881e0379adfffff" }, "geometry": { "type": "Polygon", "coordinates": [ [ [ 18.993801453655259, 47.41037549563282 ], [ 18.991379879388226, 47.40592041195967 ], [ 18.99614766655186, 47.402432198060879 ], [ 19.003337000102793, 47.403398892960602 ], [ 19.005759228528952, 47.40785389780654 ], [ 19.000991469324333, 47.411342286596025 ], [ 18.993801453655259, 47.41037549563282 ] ] ] } },
{ "type": "Feature", "properties": { "h3": "881e036ae3fffff" }, "geometry": { "type": "Polygon", "coordinates": [ [ [ 19.168453074021265, 47.388309004567802 ], [ 19.166021501760973, 47.383855862256702 ], [ 19.170781323617287, 47.380358934333657 ], [ 19.177972683870511, 47.381314973894739 ], [ 19.18040490651531, 47.385768035634847 ], [ 19.175645118602166, 47.389265138400788 ], [ 19.168453074021265, 47.388309004567802 ] ] ] } },
{ "type": "Feature", "properties": { "h3": "881e036307fffff" }, "geometry": { "type": "Polygon", "coordinates": [ [ [ 19.159746647565552, 47.494454017502761 ], [ 19.15731226991424, 47.490006273599235 ], [ 19.162078957581802, 47.486514616333537 ], [ 19.169279989244085, 47.48747052797242 ], [ 19.171715019237624, 47.491918191157133 ], [ 19.166948365306755, 47.495410023437756 ], [ 19.159746647565552, 47.494454017502761 ] ] ] } },
{ "type": "Feature", "properties": { "h3": "881e036aa1fffff" }, "geometry": { "type": "Polygon", "coordinates": [ [ [ 19.173109103547208, 47.372408023089378 ], [ 19.170677745783689, 47.367954134130457 ], [ 19.175436413945388, 47.364456271047587 ], [ 19.182626405861203, 47.365412122122315 ], [ 19.185058413651269, 47.369865930497618 ], [ 19.180299779578714, 47.373363968397712 ], [ 19.173109103547208, 47.372408023089378 ] ] ] } },
{ "type": "Feature", "properties": { "h3": "881e1cb6dbfffff" }, "geometry": { "type": "Polygon", "coordinates": [ [ [ 18.981843122475109, 47.412895725955259 ], [ 18.979422202641675, 47.408440563572341 ], [ 18.984190594833525, 47.404952994013932 ], [ 18.991379879388226, 47.40592041195967 ], [ 18.993801453655259, 47.41037549563282 ], [ 18.989033089013233, 47.413863240086066 ], [ 18.981843122475109, 47.412895725955259 ] ] ] } },
{ "type": "Feature", "properties": { "h3": "881e0361dbfffff" }, "geometry": { "type": "Polygon", "coordinates": [ [ [ 19.284043311215008, 47.453143287443787 ], [ 19.281602641058246, 47.448695606772716 ], [ 19.286362033421682, 47.445196580263342 ], [ 19.293562058043484, 47.446145059513164 ], [ 19.296003377401078, 47.450592658289636 ], [ 19.291244023016429, 47.454091859726724 ], [ 19.284043311215008, 47.453143287443787 ] ] ] } },
{ "type": "Feature", "properties": { "h3": "881e037a43fffff" }, "geometry": { "type": "Polygon", "coordinates": [ [ [ 18.985076980333957, 47.553601167653873 ], [ 18.98265145001664, 47.549153430881049 ], [ 18.987428409975625, 47.545672216567525 ], [ 18.994630872569459, 47.546638563919572 ], [ 18.997057059644714, 47.551086221626797 ], [ 18.992280127447909, 47.554567611063675 ], [ 18.985076980333957, 47.553601167653873 ] ] ] } },
{ "type": "Feature", "properties": { "h3": "881e0361e3fffff" }, "geometry": { "type": "Polygon", "coordinates": [ [ [ 19.235854803143706, 47.426147997391062 ], [ 19.233417924941872, 47.421698037529509 ], [ 19.238177502145501, 47.418199885554941 ], [ 19.245373921336441, 47.419151518564789 ], [ 19.247811449235471, 47.423601397082692 ], [ 19.243051908326514, 47.427099723950256 ], [ 19.235854803143706, 47.426147997391062 ] ] ] } },
{ "type": "Feature", "properties": { "h3": "881e037021fffff" }, "geometry": { "type": "Polygon", "coordinates": [ [ [ 19.107753290210589, 47.594714943553036 ], [ 19.105318934727055, 47.590271542590251 ], [ 19.11009379846497, 47.586786813662002 ], [ 19.117302985737879, 47.587745310524937 ], [ 19.119737996282161, 47.592188631071132 ], [ 19.114963164572977, 47.595673535187032 ], [ 19.107753290210589, 47.594714943553036 ] ] ] } },
{ "type": "Feature", "properties": { "h3": "881e036203fffff" }, "geometry": { "type": "Polygon", "coordinates": [ [ [ 19.236883087991998, 47.537649931367476 ], [ 19.234442629192671, 47.533205837175878 ], [ 19.2392090375279, 47.529712779576514 ], [ 19.246415868307686, 47.530663641108951 ], [ 19.248856978660886, 47.535107653697622 ], [ 19.244090606760913, 47.538600886372713 ], [ 19.236883087991998, 47.537649931367476 ] ] ] } },
{ "type": "Feature", "properties": { "h3": "881e0360e5fffff" }, "geometry": { "type": "Polygon", "coordinates": [ [ [ 19.281724120318749, 47.46108915247801 ], [ 19.279283340952972, 47.456641846356781 ], [ 19.284043311215008, 47.453143287443787 ], [ 19.291244023016429, 47.454091859726724 ], [ 19.293685451762208, 47.458539083959415 ], [ 19.288925519406941, 47.462037817813531 ], [ 19.281724120318749, 47.46108915247801 ] ] ] } },
{ "type": "Feature", "properties": { "h3": "881e036041fffff" }, "geometry": { "type": "Polygon", "coordinates": [ [ [ 19.224571280801257, 47.50304180185983 ], [ 19.222132667915204, 47.498595668599414 ], [ 19.226897411655784, 47.495101554727491 ], [ 19.23410073238448, 47.496053399111759 ], [ 19.236539996483259, 47.500499450972491 ], [ 19.231775288720929, 47.503993739864541 ], [ 19.224571280801257, 47.50304180185983 ] ] ] } },
{ "type": "Feature", "properties": { "h3": "881e037a9dfffff" }, "geometry": { "type": "Polygon", "coordinates": [ [ [ 19.095217548659168, 47.522983239704004 ], [ 19.09278622392327, 47.51853584371235 ], [ 19.097557125518449, 47.515048348048197 ], [ 19.10475932039262, 47.516008073323569 ], [ 19.107191299217551, 47.520455389191518 ], [ 19.102420429159256, 47.523943059923816 ], [ 19.095217548659168, 47.522983239704004 ] ] ] } },
{ "type": "Feature", "properties": { "h3": "881e036045fffff" }, "geometry": { "type": "Polygon", "coordinates": [ [ [ 19.214929384003216, 47.497643099225854 ], [ 19.212491530864586, 47.493196509719724 ], [ 19.217256310246118, 47.489702570860509 ], [ 19.224458907205584, 47.490655046510625 ], [ 19.226897411655784, 47.495101554727491 ], [ 19.222132667915204, 47.498595668599414 ], [ 19.214929384003216, 47.497643099225854 ] ] ] } },
{ "type": "Feature", "properties": { "h3": "881e0371b3fffff" }, "geometry": { "type": "Polygon", "coordinates": [ [ [ 19.169694243072435, 47.537006436977336 ], [ 19.167257914756828, 47.532561104793331 ], [ 19.172026850405715, 47.529070974512528 ], [ 19.179232080333389, 47.530026001347458 ], [ 19.18166906151502, 47.534471252614779 ], [ 19.176900159983227, 47.537961557979813 ], [ 19.169694243072435, 47.537006436977336 ] ] ] } },
{ "type": "Feature", "properties": { "h3": "881e037a65fffff" }, "geometry": { "type": "Polygon", "coordinates": [ [ [ 18.946574184723765, 47.531935433132233 ], [ 18.944151700721683, 47.527485881455085 ], [ 18.948928768370976, 47.524005367544419 ], [ 18.956128293682742, 47.524974230239998 ], [ 18.958551434822013, 47.529423703297311 ], [ 18.953774393591832, 47.532904392295031 ], [ 18.946574184723765, 47.531935433132233 ] ] ] } },
{ "type": "Feature", "properties": { "h3": "881e036a13fffff" }, "geometry": { "type": "Polygon", "coordinates": [ [ [ 19.151840238524773, 47.406745099619272 ], [ 19.149409102844118, 47.402292623900877 ], [ 19.154170689532382, 47.398797274460016 ], [ 19.16136337859281, 47.399754225879377 ], [ 19.16379516529285, 47.404206621156113 ], [ 19.159033611992893, 47.407702145471092 ], [ 19.151840238524773, 47.406745099619272 ] ] ] } },
{ "type": "Feature", "properties": { "h3": "881e036057fffff" }, "geometry": { "type": "Polygon", "coordinates": [ [ [ 19.260475690658261, 47.495410643355264 ], [ 19.258035124970114, 47.490964754642697 ], [ 19.2627980237461, 47.487468710441469 ], [ 19.270001451082354, 47.488418379967243 ], [ 19.272442667146866, 47.492864186931413 ], [ 19.267679805579196, 47.49636040613408 ], [ 19.260475690658261, 47.495410643355264 ] ] ] } },
{ "type": "Feature", "properties": { "h3": "881e03710dfffff" }, "geometry": { "type": "Polygon", "coordinates": [ [ [ 19.045222733819038, 47.578139983244029 ], [ 19.042792737744236, 47.573694599235509 ], [ 19.047568946126393, 47.570211863002882 ], [ 19.054775120807175, 47.571174335631625 ], [ 19.057205772884917, 47.575619639901191 ], [ 19.052429594358895, 47.579102551297041 ], [ 19.045222733819038, 47.578139983244029 ] ] ] } },
{ "type": "Feature", "properties": { "h3": "881e037813fffff" }, "geometry": { "type": "Polygon", "coordinates": [ [ [ 19.051751665327565, 47.480059741134845 ], [ 19.049324354488466, 47.47560932359395 ], [ 19.054094251638507, 47.472121763400395 ], [ 19.061291429702347, 47.473084445763384 ], [ 19.0637193947524, 47.477534783723627 ], [ 19.058949527607322, 47.481022518917605 ], [ 19.051751665327565, 47.480059741134845 ] ] ] } },
{ "type": "Feature", "properties": { "h3": "881e036ae9fffff" }, "geometry": { "type": "Polygon", "coordinates": [ [ [ 19.154170689532382, 47.398797274460016 ], [ 19.151739660885298, 47.394344425169891 ], [ 19.156500670378641, 47.390848607731144 ], [ 19.16369267513732, 47.391805464737189 ], [ 19.166124354624611, 47.396258233579367 ], [ 19.16136337859281, 47.399754225879377 ], [ 19.154170689532382, 47.398797274460016 ] ] ] } },
{ "type": "Feature", "properties": { "h3": "881e0378b9fffff" }, "geometry": { "type": "Polygon", "coordinates": [ [ [ 19.104293797427001, 47.454070380878342 ], [ 19.101864084203079, 47.449619533931454 ], [ 19.106630389169297, 47.446128457516316 ], [ 19.113826375646351, 47.447088053109304 ], [ 19.116256741616521, 47.451538819995733 ], [ 19.111490468443183, 47.45503007136562 ], [ 19.104293797427001, 47.454070380878342 ] ] ] } },
{ "type": "Feature", "properties": { "h3": "881e037821fffff" }, "geometry": { "type": "Polygon", "coordinates": [ [ [ 18.989331312260234, 47.463437331576451 ], [ 18.986908350939792, 47.458984942293469 ], [ 18.991679577264939, 47.455499371826697 ], [ 18.998873737146276, 47.45646601568356 ], [ 19.001297353610479, 47.460918326064849 ], [ 18.996526155128997, 47.464404071507047 ], [ 18.989331312260234, 47.463437331576451 ] ] ] } },
{ "type": "Feature", "properties": { "h3": "881e0379a7fffff" }, "geometry": { "type": "Polygon", "coordinates": [ [ [ 19.008104181874074, 47.399910034853384 ], [ 19.005682058207601, 47.395454656740611 ], [ 19.010448662665485, 47.391965329430938 ], [ 19.017637362426282, 47.392931205376229 ], [ 19.0200601397977, 47.397386504538197 ], [ 19.015293563782706, 47.400876006721724 ], [ 19.008104181874074, 47.399910034853384 ] ] ] } },
{ "type": "Feature", "properties": { "h3": "881e1cb6ddfffff" }, "geometry": { "type": "Polygon", "coordinates": [ [ [ 18.960274786219607, 47.409990483571406 ], [ 18.957855280116704, 47.405534790829648 ], [ 18.962624303778881, 47.402048040633751 ], [ 18.969812806816648, 47.403016808305381 ], [ 18.972232967721759, 47.407472422566123 ], [ 18.967463970866078, 47.410959347652337 ], [ 18.960274786219607, 47.409990483571406 ] ] ] } },
{ "type": "Feature", "properties": { "h3": "881e0378b1fffff" }, "geometry": { "type": "Polygon", "coordinates": [ [ [ 19.106630389169297, 47.446128457516316 ], [ 19.104200782368228, 47.44167723649813 ], [ 19.108966509397842, 47.438185691123465 ], [ 19.116161811441525, 47.439145191841213 ], [ 19.118592070809182, 47.443596332792886 ], [ 19.113826375646351, 47.447088053109304 ], [ 19.106630389169297, 47.446128457516316 ] ] ] } },
{ "type": "Feature", "properties": { "h3": "881e0371b9fffff" }, "geometry": { "type": "Polygon", "coordinates": [ [ [ 19.155384505920534, 47.547474304763 ], [ 19.152948723269695, 47.543029267145215 ], [ 19.157718851172376, 47.539540251165619 ], [ 19.164924728173453, 47.540496097716378 ], [ 19.167361164148623, 47.544941054539713 ], [ 19.162591069878605, 47.548430245622683 ], [ 19.155384505920534, 47.547474304763 ] ] ] } },
{ "type": "Feature", "properties": { "h3": "881e036301fffff" }, "geometry": { "type": "Polygon", "coordinates": [ [ [ 19.1574138663151, 47.50239257476052 ], [ 19.15497938127816, 47.49794520565802 ], [ 19.159746647565552, 47.494454017502761 ], [ 19.166948365306755, 47.495410023437756 ], [ 19.169383502865788, 47.499857311827363 ], [ 19.164616270241627, 47.503348675010841 ], [ 19.1574138663151, 47.50239257476052 ] ] ] } },
{ "type": "Feature", "properties": { "h3": "881e037acdfffff" }, "geometry": { "type": "Polygon", "coordinates": [ [ [ 19.044971780608222, 47.541012722493946 ], [ 19.042542969262339, 47.536565382219585 ], [ 19.04731688883647, 47.533080938046453 ], [ 19.054519590017666, 47.534043659062711 ], [ 19.056949056740223, 47.538490919686453 ], [ 19.052175166984785, 47.541975538960621 ], [ 19.044971780608222, 47.541012722493946 ] ] ] } },
{ "type": "Feature", "properties": { "h3": "881e037aa5fffff" }, "geometry": { "type": "Polygon", "coordinates": [ [ [ 19.047065074100225, 47.495933163798625 ], [ 19.044637551958015, 47.491483495118757 ], [ 19.049408606193243, 47.487996874670969 ], [ 19.056607152794495, 47.48895974789253 ], [ 19.059035329507832, 47.49340933700369 ], [ 19.054264305128523, 47.496896132478021 ], [ 19.047065074100225, 47.495933163798625 ] ] ] } },
{ "type": "Feature", "properties": { "h3": "881e037aedfffff" }, "geometry": { "type": "Polygon", "coordinates": [ [ [ 19.028057030727027, 47.522257722037907 ], [ 19.025629847130308, 47.517809097931348 ], [ 19.030403246202539, 47.514324533419234 ], [ 19.037603799730164, 47.515288417959169 ], [ 19.040031638715028, 47.519736962631633 ], [ 19.035258268863863, 47.523221702214329 ], [ 19.028057030727027, 47.522257722037907 ] ] ] } },
{ "type": "Feature", "properties": { "h3": "881e03782bfffff" }, "geometry": { "type": "Polygon", "coordinates": [ [ [ 18.998949876411807, 47.468856007858506 ], [ 18.996526155128997, 47.464404071507047 ], [ 19.001297353610479, 47.460918326064849 ], [ 19.008492245275626, 47.46188434200613 ], [ 19.010916621607215, 47.466336199344624 ], [ 19.006145451304373, 47.469822119770868 ], [ 18.998949876411807, 47.468856007858506 ] ] ] } },
{ "type": "Feature", "properties": { "h3": "881e037aebfffff" }, "geometry": { "type": "Polygon", "coordinates": [ [ [ 19.049661523519326, 47.525148308066107 ], [ 19.047232923657926, 47.520700217798598 ], [ 19.052005684792405, 47.517214832762164 ], [ 19.059207015900018, 47.518177362934779 ], [ 19.061636270777271, 47.522625373540073 ], [ 19.056863539610887, 47.526110933651026 ], [ 19.049661523519326, 47.525148308066107 ] ] ] } },
{ "type": "Feature", "properties": { "h3": "881e036363fffff" }, "geometry": { "type": "Polygon", "coordinates": [ [ [ 19.13580818934323, 47.499521563118428 ], [ 19.133375117208928, 47.495073658127104 ], [ 19.138143028406095, 47.49158328925661 ], [ 19.145343978901334, 47.49254065036758 ], [ 19.14777770393286, 47.496988474873312 ], [ 19.143009825651955, 47.50047901876966 ], [ 19.13580818934323, 47.499521563118428 ] ] ] } },
{ "type": "Feature", "properties": { "h3": "881e037061fffff" }, "geometry": { "type": "Polygon", "coordinates": [ [ [ 19.091083043717465, 47.61309247162032 ], [ 19.088649130247362, 47.608649742365778 ], [ 19.093425766309846, 47.60516660120706 ], [ 19.100636284454659, 47.606126014098741 ], [ 19.103070853625024, 47.610568663064342 ], [ 19.098294249030527, 47.614051979443282 ], [ 19.091083043717465, 47.61309247162032 ] ] ] } },
{ "type": "Feature", "properties": { "h3": "881e0379b3fffff" }, "geometry": { "type": "Polygon", "coordinates": [ [ [ 19.051244358870335, 47.405699114239006 ], [ 19.048819411091568, 47.401244799213579 ], [ 19.053584744907898, 47.39775383440125 ], [ 19.060774996652672, 47.398717009749184 ], [ 19.06320059739588, 47.403171245367176 ], [ 19.058435293509334, 47.406662385060685 ], [ 19.051244358870335, 47.405699114239006 ] ] ] } },
{ "type": "Feature", "properties": { "h3": "881e03616dfffff" }, "geometry": { "type": "Polygon", "coordinates": [ [ [ 19.128219118259381, 47.44900589113842 ], [ 19.125788099819491, 47.444555204429285 ], [ 19.130553184816026, 47.441062840344856 ], [ 19.137749255720252, 47.442020988041151 ], [ 19.140180926353199, 47.44647159445617 ], [ 19.135415873968711, 47.449964133484947 ], [ 19.128219118259381, 47.44900589113842 ] ] ] } },
{ "type": "Feature", "properties": { "h3": "881e036153fffff" }, "geometry": { "type": "Polygon", "coordinates": [ [ [ 19.202634178990916, 47.463016631697066 ], [ 19.200198169006065, 47.458568006523585 ], [ 19.204961283950045, 47.455073012179028 ], [ 19.21216037377333, 47.456026468066042 ], [ 19.214597034728257, 47.460475012153211 ], [ 19.209833954969952, 47.463970181455601 ], [ 19.202634178990916, 47.463016631697066 ] ] ] } },
{ "type": "Feature", "properties": { "h3": "881e037151fffff" }, "geometry": { "type": "Polygon", "coordinates": [ [ [ 19.074140071899301, 47.594359214531849 ], [ 19.071707789588331, 47.589915197145018 ], [ 19.07648390739103, 47.586431935396519 ], [ 19.083692276717294, 47.587392515861595 ], [ 19.086125214741635, 47.591836453176064 ], [ 19.08134912780644, 47.595319890113885 ], [ 19.074140071899301, 47.594359214531849 ] ] ] } },
{ "type": "Feature", "properties": { "h3": "881e037a5bfffff" }, "geometry": { "type": "Polygon", "coordinates": [ [ [ 19.016318844737498, 47.561910980238565 ], [ 19.013891134272281, 47.557464231409782 ], [ 19.018667430202637, 47.553982020614157 ], [ 19.025871407831843, 47.55494638352657 ], [ 19.028299774587975, 47.559393052950092 ], [ 19.023523507503779, 47.562875438882543 ], [ 19.016318844737498, 47.561910980238565 ] ] ] } },
{ "type": "Feature", "properties": { "h3": "881e1cb6d5fffff" }, "geometry": { "type": "Polygon", "coordinates": [ [ [ 18.962624303778881, 47.402048040633751 ], [ 18.960204901731885, 47.397591974696709 ], [ 18.964973348021093, 47.394104754902472 ], [ 18.972161169554777, 47.395073426183544 ], [ 18.974581226224167, 47.39952941363331 ], [ 18.969812806816648, 47.403016808305381 ], [ 18.962624303778881, 47.402048040633751 ] ] ] } },
{ "type": "Feature", "properties": { "h3": "881e03714bfffff" }, "geometry": { "type": "Polygon", "coordinates": [ [ [ 19.050168089296719, 47.599400619702315 ], [ 19.047737119244854, 47.594956442520875 ], [ 19.052514457958843, 47.591474473301481 ], [ 19.059722736761248, 47.592436506080553 ], [ 19.062154363081337, 47.59688060342306 ], [ 19.057377054410843, 47.600362747841508 ], [ 19.050168089296719, 47.599400619702315 ] ] ] } },
{ "type": "Feature", "properties": { "h3": "881e037ae1fffff" }, "geometry": { "type": "Polygon", "coordinates": [ [ [ 19.040031638715028, 47.519736962631633 ], [ 19.037603799730164, 47.515288417959169 ], [ 19.042376590496573, 47.511803207988706 ], [ 19.049577190695665, 47.512766367640793 ], [ 19.052005684792405, 47.517214832762164 ], [ 19.047232923657926, 47.520700217798598 ], [ 19.040031638715028, 47.519736962631633 ] ] ] } },
{ "type": "Feature", "properties": { "h3": "881e037aadfffff" }, "geometry": { "type": "Polygon", "coordinates": [ [ [ 19.044721068913145, 47.503868608307819 ], [ 19.042293441141769, 47.499419314201717 ], [ 19.047065074100225, 47.495933163798625 ], [ 19.054264305128523, 47.496896132478021 ], [ 19.056692587651217, 47.501345347021292 ], [ 19.051920984474041, 47.504831672464057 ], [ 19.044721068913145, 47.503868608307819 ] ] ] } },
{ "type": "Feature", "properties": { "h3": "881e037827fffff" }, "geometry": { "type": "Polygon", "coordinates": [ [ [ 18.991679577264939, 47.455499371826697 ], [ 18.989256720598217, 47.451046608603683 ], [ 18.994027368769721, 47.447560568129234 ], [ 19.00122084576865, 47.448527115931235 ], [ 19.003644357399065, 47.452979800246474 ], [ 18.998873737146276, 47.45646601568356 ], [ 18.991679577264939, 47.455499371826697 ] ] ] } },
{ "type": "Feature", "properties": { "h3": "881e036101fffff" }, "geometry": { "type": "Polygon", "coordinates": [ [ [ 19.173733443875083, 47.446804959179907 ], [ 19.171299710838436, 47.442354968478512 ], [ 19.176062929320462, 47.438860498963031 ], [ 19.183259846742757, 47.439815845229305 ], [ 19.1856942310439, 47.44426575517582 ], [ 19.180931046738223, 47.44776039962688 ], [ 19.173733443875083, 47.446804959179907 ] ] ] } },
{ "type": "Feature", "properties": { "h3": "881e037b57fffff" }, "geometry": { "type": "Polygon", "coordinates": [ [ [ 18.941662494218445, 47.510654760593667 ], [ 18.939240979643813, 47.506204006534524 ], [ 18.944016915238105, 47.502722725435277 ], [ 18.951214339251187, 47.50369202335937 ], [ 18.953636510696096, 47.50814269889851 ], [ 18.948860601337074, 47.511624155049716 ], [ 18.941662494218445, 47.510654760593667 ] ] ] } },
{ "type": "Feature", "properties": { "h3": "881e0344b3fffff" }, "geometry": { "type": "Polygon", "coordinates": [ [ [ 19.001987029598144, 47.572355081801703 ], [ 18.999559870552606, 47.567908629030462 ], [ 19.004337354430096, 47.564427535673424 ], [ 19.011541969073612, 47.565392719949081 ], [ 19.013969784867211, 47.569839093437686 ], [ 19.009192329349066, 47.573320361949349 ], [ 19.001987029598144, 47.572355081801703 ] ] ] } },
{ "type": "Feature", "properties": { "h3": "881e037b53fffff" }, "geometry": { "type": "Polygon", "coordinates": [ [ [ 18.951282876983136, 47.516074456063436 ], [ 18.948860601337074, 47.511624155049716 ], [ 18.953636510696096, 47.50814269889851 ], [ 18.960834669210154, 47.509111368716127 ], [ 18.963257601632105, 47.513561591098366 ], [ 18.958481718843597, 47.517043222310619 ], [ 18.951282876983136, 47.516074456063436 ] ] ] } },
{ "type": "Feature", "properties": { "h3": "881e036a41fffff" }, "geometry": { "type": "Polygon", "coordinates": [ [ [ 19.089719845487888, 47.427361159450378 ], [ 19.087291862927188, 47.4229086569757 ], [ 19.092057075015259, 47.419416992590612 ], [ 19.099250238474006, 47.420377655783156 ], [ 19.101678873614905, 47.424830078406821 ], [ 19.09691369279653, 47.428321917704956 ], [ 19.089719845487888, 47.427361159450378 ] ] ] } },
{ "type": "Feature", "properties": { "h3": "881e03680bfffff" }, "geometry": { "type": "Polygon", "coordinates": [ [ [ 19.132301808088535, 47.358711707031603 ], [ 19.129873372898572, 47.354256377584846 ], [ 19.134632750561103, 47.350759681271263 ], [ 19.141820530817139, 47.351718139619564 ], [ 19.144249616601495, 47.356173388931154 ], [ 19.139490271614996, 47.359670260045554 ], [ 19.132301808088535, 47.358711707031603 ] ] ] } },
{ "type": "Feature", "properties": { "h3": "881e0360c5fffff" }, "geometry": { "type": "Polygon", "coordinates": [ [ [ 19.298693408496593, 47.479823553184637 ], [ 19.296251002029486, 47.475377535144887 ], [ 19.301011474304101, 47.471879094027578 ], [ 19.308214314616613, 47.472826495997474 ], [ 19.310657370443209, 47.477272431934495 ], [ 19.305896936678284, 47.480771048020188 ], [ 19.298693408496593, 47.479823553184637 ] ] ] } },
{ "type": "Feature", "properties": { "h3": "881e036125fffff" }, "geometry": { "type": "Polygon", "coordinates": [ [ [ 19.147177925486972, 47.422638224381025 ], [ 19.144746575782253, 47.418186496095252 ], [ 19.149509317221199, 47.414692082996915 ], [ 19.156703375202977, 47.415649223300285 ], [ 19.159135376285668, 47.42010087115677 ], [ 19.154372668088421, 47.423595459155102 ], [ 19.147177925486972, 47.422638224381025 ] ] ] } },
{ "type": "Feature", "properties": { "h3": "881e0371abfffff" }, "geometry": { "type": "Polygon", "coordinates": [ [ [ 19.1337663510208, 47.544603768418135 ], [ 19.13133198297162, 47.540158194183022 ], [ 19.136102756398724, 47.536669998197027 ], [ 19.143307865070756, 47.537627201361303 ], [ 19.14574288682001, 47.542072695029233 ], [ 19.140972146277313, 47.545561066116058 ], [ 19.1337663510208, 47.544603768418135 ] ] ] } },
{ "type": "Feature", "properties": { "h3": "881e036341fffff" }, "geometry": { "type": "Polygon", "coordinates": [ [ [ 19.140774150877636, 47.52079992268262 ], [ 19.138340104272171, 47.516353222883723 ], [ 19.143109140249219, 47.512863617808193 ], [ 19.150312189806126, 47.513820537486993 ], [ 19.152746889571223, 47.518267156701285 ], [ 19.147977886699874, 47.521756936837328 ], [ 19.140774150877636, 47.52079992268262 ] ] ] } },
{ "type": "Feature", "properties": { "h3": "881e03788bfffff" }, "geometry": { "type": "Polygon", "coordinates": [ [ [ 19.099619198860978, 47.469951697666183 ], [ 19.097189272835251, 47.465501599149611 ], [ 19.101956734035895, 47.462011460998554 ], [ 19.109154089697068, 47.462971246399242 ], [ 19.111584668828588, 47.46742126486744 ], [ 19.106817239272974, 47.470911577999338 ], [ 19.099619198860978, 47.469951697666183 ] ] ] } },
{ "type": "Feature", "properties": { "h3": "881e036207fffff" }, "geometry": { "type": "Polygon", "coordinates": [ [ [ 19.227235834605633, 47.532254250078424 ], [ 19.224796136184725, 47.527809698973257 ], [ 19.22956258061739, 47.524316816442159 ], [ 19.23676868745396, 47.525268309963884 ], [ 19.2392090375279, 47.529712779576514 ], [ 19.234442629192671, 47.533205837175878 ], [ 19.227235834605633, 47.532254250078424 ] ] ] } },
{ "type": "Feature", "properties": { "h3": "881e037adbfffff" }, "geometry": { "type": "Polygon", "coordinates": [ [ [ 19.100173527647986, 47.544256688510764 ], [ 19.097741228957599, 47.539810497973477 ], [ 19.102513257475952, 47.536323767286156 ], [ 19.109717553039477, 47.537283052048934 ], [ 19.11215050608245, 47.541729162363147 ], [ 19.107378509289394, 47.545216068153657 ], [ 19.100173527647986, 47.544256688510764 ] ] ] } },
{ "type": "Feature", "properties": { "h3": "881e036a37fffff" }, "geometry": { "type": "Polygon", "coordinates": [ [ [ 19.12530615994061, 47.382562739266632 ], [ 19.122877405046403, 47.378108529141691 ], [ 19.127638512912764, 47.374613236242013 ], [ 19.134828343297038, 47.375571978644345 ], [ 19.137257749322774, 47.380026108653134 ], [ 19.132496673912307, 47.383521576391693 ], [ 19.12530615994061, 47.382562739266632 ] ] ] } },
{ "type": "Feature", "properties": { "h3": "881e037b1dfffff" }, "geometry": { "type": "Polygon", "coordinates": [ [ [ 18.944016915238105, 47.502722725435277 ], [ 18.941595504699503, 47.498271596940157 ], [ 18.946370861404844, 47.494789844878859 ], [ 18.953567602417213, 47.495759046289756 ], [ 18.955989669645536, 47.500210096259025 ], [ 18.951214339251187, 47.50369202335937 ], [ 18.944016915238105, 47.502722725435277 ] ] ] } },
{ "type": "Feature", "properties": { "h3": "881e036a85fffff" }, "geometry": { "type": "Polygon", "coordinates": [ [ [ 19.18040490651531, 47.385768035634847 ], [ 19.177972683870511, 47.381314973894739 ], [ 19.182731894803233, 47.377817403503805 ], [ 19.189923294109018, 47.378772720031584 ], [ 19.192356166861668, 47.383225701083909 ], [ 19.187596990280529, 47.386723446312125 ], [ 19.18040490651531, 47.385768035634847 ] ] ] } },
{ "type": "Feature", "properties": { "h3": "881e036a0dfffff" }, "geometry": { "type": "Polygon", "coordinates": [ [ [ 19.094393833116595, 47.411471983276819 ], [ 19.091966062814816, 47.407018733500273 ], [ 19.096730119926693, 47.40352613172066 ], [ 19.103921916002435, 47.404486604846177 ], [ 19.106350338525392, 47.408939774759332 ], [ 19.101586312831024, 47.412432551426342 ], [ 19.094393833116595, 47.411471983276819 ] ] ] } },
{ "type": "Feature", "properties": { "h3": "881e036053fffff" }, "geometry": { "type": "Polygon", "coordinates": [ [ [ 19.270121130783991, 47.500805838070015 ], [ 19.267679805579196, 47.49636040613408 ], [ 19.272442667146866, 47.492864186931413 ], [ 19.27964681645388, 47.49381322467196 ], [ 19.282088791935465, 47.498258574749258 ], [ 19.277325967913725, 47.501754968960505 ], [ 19.270121130783991, 47.500805838070015 ] ] ] } },
{ "type": "Feature", "properties": { "h3": "881e037125fffff" }, "geometry": { "type": "Polygon", "coordinates": [ [ [ 19.030647095228094, 47.551463526636162 ], [ 19.028218833996174, 47.547016481972946 ], [ 19.032993941825168, 47.543533154238439 ], [ 19.040197281633326, 47.544496696064265 ], [ 19.042626198699008, 47.548943661199523 ], [ 19.037851120202635, 47.552427164053007 ], [ 19.030647095228094, 47.551463526636162 ] ] ] } },
{ "type": "Feature", "properties": { "h3": "881e037825fffff" }, "geometry": { "type": "Polygon", "coordinates": [ [ [ 18.979714240359737, 47.458017574554326 ], [ 18.977292038931587, 47.45356473254089 ], [ 18.982063292765524, 47.450079337040911 ], [ 18.989256720598217, 47.451046608603683 ], [ 18.991679577264939, 47.455499371826697 ], [ 18.986908350939792, 47.458984942293469 ], [ 18.979714240359737, 47.458017574554326 ] ] ] } },
{ "type": "Feature", "properties": { "h3": "881e0378a1fffff" }, "geometry": { "type": "Polygon", "coordinates": [ [ [ 19.073081855154246, 47.445775550072263 ], [ 19.070654313608703, 47.441323715562518 ], [ 19.075421289775036, 47.437833633077311 ], [ 19.082615776854389, 47.438795210174085 ], [ 19.085043971615359, 47.443246964962057 ], [ 19.080277026161205, 47.446737222391008 ], [ 19.073081855154246, 47.445775550072263 ] ] ] } },
{ "type": "Feature", "properties": { "h3": "881e03780dfffff" }, "geometry": { "type": "Polygon", "coordinates": [ [ [ 18.994253501242738, 47.484728838529989 ], [ 18.991829570368157, 47.48027765052543 ], [ 18.996601925667697, 47.476792845416981 ], [ 19.003798183892805, 47.477759053319318 ], [ 19.006222770176528, 47.482210162322893 ], [ 19.001450442905522, 47.485695142441195 ], [ 18.994253501242738, 47.484728838529989 ] ] ] } },
{ "type": "Feature", "properties": { "h3": "881e0378d3fffff" }, "geometry": { "type": "Polygon", "coordinates": [ [ [ 19.118878138721282, 47.480769662468575 ], [ 19.116446693297995, 47.476320472954974 ], [ 19.121214090872527, 47.472829984834235 ], [ 19.128412901633077, 47.473788511246305 ], [ 19.130844999968257, 47.478237620489921 ], [ 19.126077634710917, 47.481728283607445 ], [ 19.118878138721282, 47.480769662468575 ] ] ] } },
{ "type": "Feature", "properties": { "h3": "881e036317fffff" }, "geometry": { "type": "Polygon", "coordinates": [ [ [ 19.193321056326845, 47.494782678888321 ], [ 19.190884614557099, 47.490335552274061 ], [ 19.195650042686719, 47.486842432143952 ], [ 19.202851877772524, 47.487796263632866 ], [ 19.205288971230658, 47.492243309184715 ], [ 19.200523577994815, 47.495736604325984 ], [ 19.193321056326845, 47.494782678888321 ] ] ] } },
{ "type": "Feature", "properties": { "h3": "881e0361cdfffff" }, "geometry": { "type": "Polygon", "coordinates": [ [ [ 19.228883890670602, 47.449987281475934 ], [ 19.226446687363879, 47.445538444203216 ], [ 19.231207997540807, 47.44204169556312 ], [ 19.238406475027393, 47.442993609278993 ], [ 19.240844328568837, 47.447442365226429 ], [ 19.236083054469123, 47.450939288799155 ], [ 19.228883890670602, 47.449987281475934 ] ] ] } },
{ "type": "Feature", "properties": { "h3": "881e036167fffff" }, "geometry": { "type": "Polygon", "coordinates": [ [ [ 19.142513730187751, 47.438527980322107 ], [ 19.140082166516468, 47.434076999854042 ], [ 19.144846063187405, 47.430583523559932 ], [ 19.152041490514549, 47.431540852823851 ], [ 19.154473705922605, 47.435991752874926 ], [ 19.14970984234661, 47.439485404095009 ], [ 19.142513730187751, 47.438527980322107 ] ] ] } },
{ "type": "Feature", "properties": { "h3": "881e036303fffff" }, "geometry": { "type": "Polygon", "coordinates": [ [ [ 19.169383502865788, 47.499857311827363 ], [ 19.166948365306755, 47.495410023437756 ], [ 19.171715019237624, 47.491918191157133 ], [ 19.178916776734173, 47.492873472259468 ], [ 19.181352566537502, 47.497320679819644 ], [ 19.176585946680117, 47.500812687122881 ], [ 19.169383502865788, 47.499857311827363 ] ] ] } },
{ "type": "Feature", "properties": { "h3": "881e1cb68bfffff" }, "geometry": { "type": "Polygon", "coordinates": [ [ [ 18.964973348021093, 47.394104754902472 ], [ 18.962554050045352, 47.389648315866673 ], [ 18.967321919081403, 47.386160626589373 ], [ 18.974509059215528, 47.387129201498574 ], [ 18.976929011633985, 47.391585562040859 ], [ 18.972161169554777, 47.395073426183544 ], [ 18.964973348021093, 47.394104754902472 ] ] ] } },
{ "type": "Feature", "properties": { "h3": "881e037135fffff" }, "geometry": { "type": "Polygon", "coordinates": [ [ [ 19.064239191315721, 47.551831041427683 ], [ 19.061808857346431, 47.547384610921576 ], [ 19.066582716946698, 47.543899816537781 ], [ 19.073786880104457, 47.544861277557999 ], [ 19.076217869257874, 47.549307628191265 ], [ 19.071444040149384, 47.552792597693205 ], [ 19.064239191315721, 47.551831041427683 ] ] ] } },
{ "type": "Feature", "properties": { "h3": "881e0379a5fffff" }, "geometry": { "type": "Polygon", "coordinates": [ [ [ 18.99614766655186, 47.402432198060879 ], [ 18.993726196864841, 47.397976741114682 ], [ 18.998493406670008, 47.394488057885582 ], [ 19.005682058207601, 47.395454656740611 ], [ 19.008104181874074, 47.399910034853384 ], [ 19.003337000102793, 47.403398892960602 ], [ 18.99614766655186, 47.402432198060879 ] ] ] } },
{ "type": "Feature", "properties": { "h3": "881e037847fffff" }, "geometry": { "type": "Polygon", "coordinates": [ [ [ 18.991904603001437, 47.492663986987424 ], [ 18.989480567353759, 47.488213173299755 ], [ 18.994253501242738, 47.484728838529989 ], [ 19.001450442905522, 47.485695142441195 ], [ 19.003875134142575, 47.49014587713382 ], [ 18.999102228207008, 47.493630386926377 ], [ 18.991904603001437, 47.492663986987424 ] ] ] } },
{ "type": "Feature", "properties": { "h3": "881e036ad9fffff" }, "geometry": { "type": "Polygon", "coordinates": [ [ [ 19.204633911711689, 47.41788590282448 ], [ 19.202199199999303, 47.413434951682255 ], [ 19.206959461388692, 47.409937792046165 ], [ 19.214154399357149, 47.410891408683412 ], [ 19.216589761241458, 47.415342278819132 ], [ 19.211829535065377, 47.418839613339998 ], [ 19.204633911711689, 47.41788590282448 ] ] ] } },
{ "type": "Feature", "properties": { "h3": "881e036a63fffff" }, "geometry": { "type": "Polygon", "coordinates": [ [ [ 19.084774310390582, 47.406057537101397 ], [ 19.082347298557831, 47.401603834065902 ], [ 19.087111386752159, 47.398111407165835 ], [ 19.094302455776383, 47.399072508437719 ], [ 19.096730119926693, 47.40352613172066 ], [ 19.091966062814816, 47.407018733500273 ], [ 19.084774310390582, 47.406057537101397 ] ] ] } },
{ "type": "Feature", "properties": { "h3": "881e037ad7fffff" }, "geometry": { "type": "Polygon", "coordinates": [ [ [ 19.092877499160672, 47.530917286360179 ], [ 19.090446067968511, 47.526470265389449 ], [ 19.095217548659168, 47.522983239704004 ], [ 19.102420429159256, 47.523943059923816 ], [ 19.104852514620664, 47.528390000776632 ], [ 19.100081065392715, 47.531877201543573 ], [ 19.092877499160672, 47.530917286360179 ] ] ] } },
{ "type": "Feature", "properties": { "h3": "881e037a63fffff" }, "geometry": { "type": "Polygon", "coordinates": [ [ [ 18.968175597369388, 47.534840956992461 ], [ 18.965751694851917, 47.53039193747167 ], [ 18.970528129970791, 47.526910602226565 ], [ 18.977728440520803, 47.52787811142624 ], [ 18.980152999805497, 47.532327052098509 ], [ 18.975376591852527, 47.535808562435754 ], [ 18.968175597369388, 47.534840956992461 ] ] ] } },
{ "type": "Feature", "properties": { "h3": "881e0360ebfffff" }, "geometry": { "type": "Polygon", "coordinates": [ [ [ 19.301011474304101, 47.471879094027578 ], [ 19.298569177363483, 47.467432701162643 ], [ 19.303329071474661, 47.463933792360514 ], [ 19.310531224025315, 47.464881101484302 ], [ 19.312974170146177, 47.469327412240496 ], [ 19.308214314616613, 47.472826495997474 ], [ 19.301011474304101, 47.471879094027578 ] ] ] } },
{ "type": "Feature", "properties": { "h3": "881e0361d9fffff" }, "geometry": { "type": "Polygon", "coordinates": [ [ [ 19.272082662884266, 47.45569254964866 ], [ 19.269642642207131, 47.451244787199201 ], [ 19.274402650038748, 47.4477464032204 ], [ 19.281602641058246, 47.448695606772716 ], [ 19.284043311215008, 47.453143287443787 ], [ 19.279283340952972, 47.456641846356781 ], [ 19.272082662884266, 47.45569254964866 ] ] ] } },
{ "type": "Feature", "properties": { "h3": "881e036a29fffff" }, "geometry": { "type": "Polygon", "coordinates": [ [ [ 19.087111386752159, 47.398111407165835 ], [ 19.084684480906084, 47.393657330714163 ], [ 19.089447991866503, 47.390164435277192 ], [ 19.096638377596147, 47.391125441441062 ], [ 19.099065935580384, 47.395579438133915 ], [ 19.094302455776383, 47.399072508437719 ], [ 19.087111386752159, 47.398111407165835 ] ] ] } },
{ "type": "Feature", "properties": { "h3": "881e036aebfffff" }, "geometry": { "type": "Polygon", "coordinates": [ [ [ 19.166124354624611, 47.396258233579367 ], [ 19.16369267513732, 47.391805464737189 ], [ 19.168453074021265, 47.388309004567802 ], [ 19.175645118602166, 47.389265138400788 ], [ 19.17807744865307, 47.393717826678248 ], [ 19.173317083639265, 47.397214461703378 ], [ 19.166124354624611, 47.396258233579367 ] ] ] } },
{ "type": "Feature", "properties": { "h3": "881e037885fffff" }, "geometry": { "type": "Polygon", "coordinates": [ [ [ 19.080366210419236, 47.459129398121981 ], [ 19.077937803516839, 47.45467839140494 ], [ 19.082705327000273, 47.451188603191497 ], [ 19.089901226492277, 47.452149646746356 ], [ 19.092330286693578, 47.456600573636784 ], [ 19.087562794183668, 47.460090536814995 ], [ 19.080366210419236, 47.459129398121981 ] ] ] } },
{ "type": "Feature", "properties": { "h3": "881e03632dfffff" }, "geometry": { "type": "Polygon", "coordinates": [ [ [ 19.128509839935504, 47.486177018318827 ], [ 19.126077634710917, 47.481728283607445 ], [ 19.130844999968257, 47.478237620489921 ], [ 19.138044537876656, 47.479195517095064 ], [ 19.140477395915941, 47.483644171425659 ], [ 19.135710063312072, 47.487135009547877 ], [ 19.128509839935504, 47.486177018318827 ] ] ] } },
{ "type": "Feature", "properties": { "h3": "881e0345bbfffff" }, "geometry": { "type": "Polygon", "coordinates": [ [ [ 18.932240058895065, 47.542374443059948 ], [ 18.929818128331192, 47.537925187697034 ], [ 18.934596380684301, 47.534445791586769 ], [ 18.941796537748772, 47.53541547575162 ], [ 18.944219125905686, 47.539864652617808 ], [ 18.939440899484577, 47.543344223832051 ], [ 18.932240058895065, 47.542374443059948 ] ] ] } },
{ "type": "Feature", "properties": { "h3": "881e0379d3fffff" }, "geometry": { "type": "Polygon", "coordinates": [ [ [ 19.051497890137593, 47.442887828330647 ], [ 19.049071761403937, 47.438435460818788 ], [ 19.053839375795281, 47.434946197450998 ], [ 19.061033089032513, 47.43590912667068 ], [ 19.063459871353441, 47.440361414688788 ], [ 19.058692286929425, 47.443850852996967 ], [ 19.051497890137593, 47.442887828330647 ] ] ] } },
{ "type": "Feature", "properties": { "h3": "881e03606bfffff" }, "geometry": { "type": "Polygon", "coordinates": [ [ [ 19.217256310246118, 47.489702570860509 ], [ 19.214818565377715, 47.48525560648747 ], [ 19.219582766256586, 47.481761199043845 ], [ 19.226784676370315, 47.482713580989873 ], [ 19.229223072370676, 47.487160464067713 ], [ 19.224458907205584, 47.490655046510625 ], [ 19.217256310246118, 47.489702570860509 ] ] ] } },
{ "type": "Feature", "properties": { "h3": "881e0378e9fffff" }, "geometry": { "type": "Polygon", "coordinates": [ [ [ 19.054094251638507, 47.472121763400395 ], [ 19.051667046473327, 47.467670971572453 ], [ 19.056436365261376, 47.464182941678011 ], [ 19.063632859214803, 47.465145528640171 ], [ 19.066060718410931, 47.469596240881529 ], [ 19.061291429702347, 47.473084445763384 ], [ 19.054094251638507, 47.472121763400395 ] ] ] } },
{ "type": "Feature", "properties": { "h3": "881e036a69fffff" }, "geometry": { "type": "Polygon", "coordinates": [ [ [ 19.070479128118041, 47.416532299395747 ], [ 19.068052663085947, 47.412078890243549 ], [ 19.07281793670796, 47.408587575660817 ], [ 19.080009644842189, 47.409549495349104 ], [ 19.08243676264695, 47.414002824871986 ], [ 19.077671519624364, 47.417494314351927 ], [ 19.070479128118041, 47.416532299395747 ] ] ] } },
{ "type": "Feature", "properties": { "h3": "881e036a4bfffff" }, "geometry": { "type": "Polygon", "coordinates": [ [ [ 19.099342434224479, 47.432773966539465 ], [ 19.09691369279653, 47.428321917704956 ], [ 19.101678873614905, 47.424830078406821 ], [ 19.108872764335882, 47.425790113038239 ], [ 19.111302158247501, 47.430242081910912 ], [ 19.10653700903417, 47.433734096129982 ], [ 19.099342434224479, 47.432773966539465 ] ] ] } },
{ "type": "Feature", "properties": { "h3": "881e037ae9fffff" }, "geometry": { "type": "Polygon", "coordinates": [ [ [ 19.037686213433005, 47.527669872027104 ], [ 19.035258268863863, 47.523221702214329 ], [ 19.040031638715028, 47.519736962631633 ], [ 19.047232923657926, 47.520700217798598 ], [ 19.049661523519326, 47.525148308066107 ], [ 19.044888183225339, 47.528633222727969 ], [ 19.037686213433005, 47.527669872027104 ] ] ] } },
{ "type": "Feature", "properties": { "h3": "881e0371a1fffff" }, "geometry": { "type": "Polygon", "coordinates": [ [ [ 19.124126916001384, 47.539200265542206 ], [ 19.121693308883213, 47.534754235567739 ], [ 19.126464114857605, 47.531266214674453 ], [ 19.133668495482972, 47.53222404867892 ], [ 19.136102756398724, 47.536669998197027 ], [ 19.13133198297162, 47.540158194183022 ], [ 19.124126916001384, 47.539200265542206 ] ] ] } },
{ "type": "Feature", "properties": { "h3": "881e0371a5fffff" }, "geometry": { "type": "Polygon", "coordinates": [ [ [ 19.114488970467967, 47.533795676192234 ], [ 19.112056124212433, 47.529349190678495 ], [ 19.11682696239718, 47.525861344869796 ], [ 19.124030614707181, 47.52681980950625 ], [ 19.126464114857605, 47.531266214674453 ], [ 19.121693308883213, 47.534754235567739 ], [ 19.114488970467967, 47.533795676192234 ] ] ] } },
{ "type": "Feature", "properties": { "h3": "881e037a07fffff" }, "geometry": { "type": "Polygon", "coordinates": [ [ [ 18.992129845366932, 47.529811776010391 ], [ 18.989704629590566, 47.525362914303876 ], [ 18.994479851388149, 47.521880286957526 ], [ 19.001680261053583, 47.52284634625002 ], [ 19.004106133045955, 47.527295128873654 ], [ 18.999330939236529, 47.530777931303795 ], [ 18.992129845366932, 47.529811776010391 ] ] ] } },
{ "type": "Feature", "properties": { "h3": "881e036055fffff" }, "geometry": { "type": "Polygon", "coordinates": [ [ [ 19.248508133436374, 47.497955731420021 ], [ 19.246068218403508, 47.493509761075245 ], [ 19.250831732529374, 47.490014360182528 ], [ 19.258035124970114, 47.490964754642697 ], [ 19.260475690658261, 47.495410643355264 ], [ 19.255712213330781, 47.498906219255751 ], [ 19.248508133436374, 47.497955731420021 ] ] ] } },
{ "type": "Feature", "properties": { "h3": "881e0371b7fffff" }, "geometry": { "type": "Polygon", "coordinates": [ [ [ 19.160052724606167, 47.531605352532189 ], [ 19.157617156928481, 47.527159564276538 ], [ 19.162386126357177, 47.52366960907208 ], [ 19.16959062976397, 47.524625267062873 ], [ 19.172026850405715, 47.529070974512528 ], [ 19.167257914756828, 47.532561104793331 ], [ 19.160052724606167, 47.531605352532189 ] ] ] } },
{ "type": "Feature", "properties": { "h3": "881e0361c3fffff" }, "geometry": { "type": "Polygon", "coordinates": [ [ [ 19.252804188158297, 47.444896081915438 ], [ 19.250365684660235, 47.44044740740965 ], [ 19.255125766619962, 47.43694937327836 ], [ 19.262324315262369, 47.437899838748457 ], [ 19.264763468438755, 47.442348431696217 ], [ 19.260003423374624, 47.44584664074776 ], [ 19.252804188158297, 47.444896081915438 ] ] ] } },
{ "type": "Feature", "properties": { "h3": "881e037a3bfffff" }, "geometry": { "type": "Polygon", "coordinates": [ [ [ 19.016081861835033, 47.524777110834087 ], [ 19.013655333902513, 47.52032840741046 ], [ 19.018429340915372, 47.51684448848858 ], [ 19.025629847130308, 47.517809097931348 ], [ 19.028057030727027, 47.522257722037907 ], [ 19.023283052524352, 47.525741816034859 ], [ 19.016081861835033, 47.524777110834087 ] ] ] } },
{ "type": "Feature", "properties": { "h3": "881e036b4bfffff" }, "geometry": { "type": "Polygon", "coordinates": [ [ [ 19.032015539320565, 47.39486160726242 ], [ 19.029592108518834, 47.390406387168596 ], [ 19.034357501191014, 47.386915772094461 ], [ 19.041546295483581, 47.38788020226513 ], [ 19.043970379440818, 47.392335343173514 ], [ 19.039205016029339, 47.395826133112678 ], [ 19.032015539320565, 47.39486160726242 ] ] ] } },
{ "type": "Feature", "properties": { "h3": "881e036331fffff" }, "geometry": { "type": "Polygon", "coordinates": [ [ [ 19.174046064602447, 47.483978226709411 ], [ 19.171611142188652, 47.479530188825088 ], [ 19.176376639095171, 47.476037418694524 ], [ 19.183577024275525, 47.476992511468239 ], [ 19.18601259857412, 47.481440468511252 ], [ 19.181247135887642, 47.484933413637798 ], [ 19.174046064602447, 47.483978226709411 ] ] ] } },
{ "type": "Feature", "properties": { "h3": "881e037aa3fffff" }, "geometry": { "type": "Polygon", "coordinates": [ [ [ 19.068663543295571, 47.498820715917176 ], [ 19.066234606297794, 47.494371581053706 ], [ 19.071005021733466, 47.490884140640453 ], [ 19.078204343644451, 47.491845660076564 ], [ 19.080633934840886, 47.4962947151433 ], [ 19.075863550007472, 47.499782330586719 ], [ 19.068663543295571, 47.498820715917176 ] ] ] } },
{ "type": "Feature", "properties": { "h3": "881e037841fffff" }, "geometry": { "type": "Polygon", "coordinates": [ [ [ 18.989555230808296, 47.500598290579333 ], [ 18.987131090402745, 47.496147851304052 ], [ 18.991904603001437, 47.492663986987424 ], [ 18.999102228207008, 47.493630386926377 ], [ 19.001527024382305, 47.498080747212541 ], [ 18.996753539661842, 47.501564786564941 ], [ 18.989555230808296, 47.500598290579333 ] ] ] } },
{ "type": "Feature", "properties": { "h3": "881e037addfffff" }, "geometry": { "type": "Polygon", "coordinates": [ [ [ 19.078560129708929, 47.541375837607276 ], [ 19.076129246801898, 47.53692911175721 ], [ 19.080901917023088, 47.533443201471805 ], [ 19.088105439253845, 47.534403841952653 ], [ 19.090536976887513, 47.538850487807331 ], [ 19.085764337643781, 47.542336573192621 ], [ 19.078560129708929, 47.541375837607276 ] ] ] } },
{ "type": "Feature", "properties": { "h3": "881e036123fffff" }, "geometry": { "type": "Polygon", "coordinates": [ [ [ 19.168762918770874, 47.425508575730724 ], [ 19.166330159237813, 47.421057382268735 ], [ 19.171092256275514, 47.417562151159792 ], [ 19.178287078939647, 47.418517938626813 ], [ 19.180720489476261, 47.422969051432219 ], [ 19.175958426425101, 47.426464457443124 ], [ 19.168762918770874, 47.425508575730724 ] ] ] } },
{ "type": "Feature", "properties": { "h3": "881e037b17fffff" }, "geometry": { "type": "Polygon", "coordinates": [ [ [ 18.958342353967218, 47.492276648354519 ], [ 18.955920390970871, 47.48782522405061 ], [ 18.960694563796739, 47.484342355394737 ], [ 18.967890672901198, 47.485310736036695 ], [ 18.970313292131969, 47.489762081691453 ], [ 18.965539146103275, 47.49324512536954 ], [ 18.958342353967218, 47.492276648354519 ] ] ] } },
{ "type": "Feature", "properties": { "h3": "881e036a6bfffff" }, "geometry": { "type": "Polygon", "coordinates": [ [ [ 19.08243676264695, 47.414002824871986 ], [ 19.080009644842189, 47.409549495349104 ], [ 19.084774310390582, 47.406057537101397 ], [ 19.091966062814816, 47.407018733500273 ], [ 19.094393833116595, 47.411471983276819 ], [ 19.089629198576713, 47.41496411641684 ], [ 19.08243676264695, 47.414002824871986 ] ] ] } },
{ "type": "Feature", "properties": { "h3": "881e03611dfffff" }, "geometry": { "type": "Polygon", "coordinates": [ [ [ 19.195327015987782, 47.449669926383898 ], [ 19.192891872869101, 47.44522047152347 ], [ 19.197654444740358, 47.441725183850274 ], [ 19.20485212488833, 47.442679176116158 ], [ 19.207287918895986, 47.447128549994645 ], [ 19.202525381946728, 47.450624012605083 ], [ 19.195327015987782, 47.449669926383898 ] ] ] } },
{ "type": "Feature", "properties": { "h3": "881e036a89fffff" }, "geometry": { "type": "Polygon", "coordinates": [ [ [ 19.187703304892544, 47.399125565567239 ], [ 19.185270216983795, 47.394673331524203 ], [ 19.190029970618287, 47.391176053908119 ], [ 19.197222777627065, 47.392130835493596 ], [ 19.199656515724847, 47.396582988744726 ], [ 19.194896796704651, 47.400080441218194 ], [ 19.187703304892544, 47.399125565567239 ] ] ] } },
{ "type": "Feature", "properties": { "h3": "881e036143fffff" }, "geometry": { "type": "Polygon", "coordinates": [ [ [ 19.169073061575613, 47.462691351460307 ], [ 19.166639113610223, 47.458242109308415 ], [ 19.171403488005073, 47.45474857674936 ], [ 19.178601776415366, 47.455704111396258 ], [ 19.181036376004265, 47.4601532728054 ], [ 19.176272035639379, 47.463646980326331 ], [ 19.169073061575613, 47.462691351460307 ] ] ] } },
{ "type": "Feature", "properties": { "h3": "881e0378c5fffff" }, "geometry": { "type": "Polygon", "coordinates": [ [ [ 19.0637193947524, 47.477534783723627 ], [ 19.061291429702347, 47.473084445763384 ], [ 19.066060718410931, 47.469596240881529 ], [ 19.073257941834164, 47.470558198980328 ], [ 19.075686560819051, 47.475008457242943 ], [ 19.070917302525562, 47.47849683712046 ], [ 19.0637193947524, 47.477534783723627 ] ] ] } },
{ "type": "Feature", "properties": { "h3": "881e037b15fffff" }, "geometry": { "type": "Polygon", "coordinates": [ [ [ 18.946370861404844, 47.494789844878859 ], [ 18.943949554917737, 47.490338342043167 ], [ 18.948724332854368, 47.486856119134053 ], [ 18.955920390970871, 47.48782522405061 ], [ 18.958342353967218, 47.492276648354519 ], [ 18.953567602417213, 47.495759046289756 ], [ 18.946370861404844, 47.494789844878859 ] ] ] } },
{ "type": "Feature", "properties": { "h3": "881e0379b7fffff" }, "geometry": { "type": "Polygon", "coordinates": [ [ [ 19.041629205284984, 47.400280900772941 ], [ 19.039205016029339, 47.395826133112678 ], [ 19.043970379440818, 47.392335343173514 ], [ 19.05115990259219, 47.39329914603745 ], [ 19.053584744907898, 47.39775383440125 ], [ 19.048819411091568, 47.401244799213579 ], [ 19.041629205284984, 47.400280900772941 ] ] ] } },
{ "type": "Feature", "properties": { "h3": "881e03785dfffff" }, "geometry": { "type": "Polygon", "coordinates": [ [ [ 19.011150938839933, 47.503496425299687 ], [ 19.008725382066995, 47.499046518615891 ], [ 19.013498259713749, 47.495561833791832 ], [ 19.020696665588698, 47.496526880627457 ], [ 19.023122877760589, 47.500976708093688 ], [ 19.018350028738205, 47.504461567957932 ], [ 19.011150938839933, 47.503496425299687 ] ] ] } },
{ "type": "Feature", "properties": { "h3": "881e037937fffff" }, "geometry": { "type": "Polygon", "coordinates": [ [ [ 18.95792479520814, 47.417932083503914 ], [ 18.955505185064641, 47.413476764053812 ], [ 18.960274786219607, 47.409990483571406 ], [ 18.967463970866078, 47.410959347652337 ], [ 18.969884235991625, 47.41541458862762 ], [ 18.965114661567874, 47.418901044012877 ], [ 18.95792479520814, 47.417932083503914 ] ] ] } },
{ "type": "Feature", "properties": { "h3": "881e0379ddfffff" }, "geometry": { "type": "Polygon", "coordinates": [ [ [ 19.027572243336074, 47.447936551113749 ], [ 19.025147422603471, 47.443484024965784 ], [ 19.029916251599612, 47.439996050358864 ], [ 19.037109872259826, 47.440960426966377 ], [ 19.039535347130673, 47.445412873854856 ], [ 19.034766547282619, 47.448901023411352 ], [ 19.027572243336074, 47.447936551113749 ] ] ] } },
{ "type": "Feature", "properties": { "h3": "881e037891fffff" }, "geometry": { "type": "Polygon", "coordinates": [ [ [ 19.123549571422622, 47.464889463593998 ], [ 19.121118339461987, 47.460439525290994 ], [ 19.125884580506572, 47.456948098958449 ], [ 19.133082021126953, 47.457906435974373 ], [ 19.135513905639947, 47.46235629399537 ], [ 19.130747697060066, 47.465847895298417 ], [ 19.123549571422622, 47.464889463593998 ] ] ] } },
{ "type": "Feature", "properties": { "h3": "881e037889fffff" }, "geometry": { "type": "Polygon", "coordinates": [ [ [ 19.087653162523235, 47.47248076184097 ], [ 19.085223889879742, 47.468030583392903 ], [ 19.089991960613435, 47.464541089532155 ], [ 19.097189272835251, 47.465501599149611 ], [ 19.099619198860978, 47.469951697666183 ], [ 19.094851159362452, 47.473441366512802 ], [ 19.087653162523235, 47.47248076184097 ] ] ] } },
{ "type": "Feature", "properties": { "h3": "881e036a51fffff" }, "geometry": { "type": "Polygon", "coordinates": [ [ [ 19.12326131546666, 47.427708829908411 ], [ 19.12083126934759, 47.423256941114495 ], [ 19.125595231201203, 47.419763814649379 ], [ 19.132789206830132, 47.420722402083477 ], [ 19.135219904880273, 47.425174210681732 ], [ 19.130455975450186, 47.428667512057515 ], [ 19.12326131546666, 47.427708829908411 ] ] ] } },
{ "type": "Feature", "properties": { "h3": "881e037107fffff" }, "geometry": { "type": "Polygon", "coordinates": [ [ [ 19.059550719420521, 47.567690953318028 ], [ 19.057120173364037, 47.563245273541547 ], [ 19.061895192185542, 47.559761420424003 ], [ 19.069100726801011, 47.560723071953987 ], [ 19.071531928402742, 47.565168671869046 ], [ 19.066756939923767, 47.568652700131587 ], [ 19.059550719420521, 47.567690953318028 ] ] ] } },
{ "type": "Feature", "properties": { "h3": "881e037ab9fffff" }, "geometry": { "type": "Polygon", "coordinates": [ [ [ 19.087924441499204, 47.509640221848706 ], [ 19.085493983725513, 47.505191996082154 ], [ 19.090264337620557, 47.50170420560034 ], [ 19.097465118094568, 47.50266446585443 ], [ 19.099896229873909, 47.507112611602317 ], [ 19.09512590725349, 47.510600577130788 ], [ 19.087924441499204, 47.509640221848706 ] ] ] } },
{ "type": "Feature", "properties": { "h3": "881e0344b1fffff" }, "geometry": { "type": "Polygon", "coordinates": [ [ [ 18.990003714970833, 47.574869697917741 ], [ 18.987577212949631, 47.570423165980891 ], [ 18.992355304674401, 47.566942719108681 ], [ 18.999559870552606, 47.567908629030462 ], [ 19.001987029598144, 47.572355081801703 ], [ 18.99720896582096, 47.575835703832865 ], [ 18.990003714970833, 47.574869697917741 ] ] ] } },
{ "type": "Feature", "properties": { "h3": "881e037115fffff" }, "geometry": { "type": "Polygon", "coordinates": [ [ [ 19.081170157338249, 47.570574837323996 ], [ 19.078738194085915, 47.566129692882733 ], [ 19.08351257206521, 47.562645018803401 ], [ 19.090718882285838, 47.563605314032728 ], [ 19.093151500709524, 47.568050378384747 ], [ 19.088377153821266, 47.571535227612728 ], [ 19.081170157338249, 47.570574837323996 ] ] ] } },
{ "type": "Feature", "properties": { "h3": "881e0371d5fffff" }, "geometry": { "type": "Polygon", "coordinates": [ [ [ 19.148378637903011, 47.571271393247926 ], [ 19.14594253290052, 47.566827482298649 ], [ 19.150714399421261, 47.563339876013075 ], [ 19.157922337613115, 47.564296005548535 ], [ 19.160359096480796, 47.568739835720478 ], [ 19.155587263371693, 47.572227617150261 ], [ 19.148378637903011, 47.571271393247926 ] ] ] } },
{ "type": "Feature", "properties": { "h3": "881e037a09fffff" }, "geometry": { "type": "Polygon", "coordinates": [ [ [ 18.987428409975625, 47.545672216567525 ], [ 18.985002984490031, 47.54122410472182 ], [ 18.989779364941359, 47.537742419283411 ], [ 18.996981143120408, 47.538708670596655 ], [ 18.999407225183234, 47.543156703371011 ], [ 18.994630872569459, 47.546638563919572 ], [ 18.987428409975625, 47.545672216567525 ] ] ] } },
{ "type": "Feature", "properties": { "h3": "881e037185fffff" }, "geometry": { "type": "Polygon", "coordinates": [ [ [ 19.131429473370037, 47.552536693336208 ], [ 19.128994998201971, 47.548091494479031 ], [ 19.1337663510208, 47.544603768418135 ], [ 19.140972146277313, 47.545561066116058 ], [ 19.143407275325718, 47.550006184411806 ], [ 19.138635955317454, 47.55349408558704 ], [ 19.131429473370037, 47.552536693336208 ] ] ] } },
{ "type": "Feature", "properties": { "h3": "881e036ae7fffff" }, "geometry": { "type": "Polygon", "coordinates": [ [ [ 19.158830181198084, 47.382899099644852 ], [ 19.156399366661063, 47.37844550350097 ], [ 19.161159222125232, 47.37494875041353 ], [ 19.168349858598287, 47.375905418650284 ], [ 19.170781323617287, 47.380358934333657 ], [ 19.166021501760973, 47.383855862256702 ], [ 19.158830181198084, 47.382899099644852 ] ] ] } },
{ "type": "Feature", "properties": { "h3": "881e03602bfffff" }, "geometry": { "type": "Polygon", "coordinates": [ [ [ 19.233872983920904, 47.471275753007504 ], [ 19.231434804862264, 47.466828120494526 ], [ 19.236197235025841, 47.463332133028359 ], [ 19.243397808059409, 47.464283603124656 ], [ 19.245836637612655, 47.468731154214147 ], [ 19.241074243717982, 47.47222731664673 ], [ 19.233872983920904, 47.471275753007504 ] ] ] } },
{ "type": "Feature", "properties": { "h3": "881e037a9bfffff" }, "geometry": { "type": "Polygon", "coordinates": [ [ [ 19.11682696239718, 47.525861344869796 ], [ 19.114394222943716, 47.521414484251629 ], [ 19.119164482005488, 47.51792616860525 ], [ 19.126367448316419, 47.518884538521839 ], [ 19.128800841484615, 47.523331318788685 ], [ 19.124030614707181, 47.52681980950625 ], [ 19.11682696239718, 47.525861344869796 ] ] ] } },
{ "type": "Feature", "properties": { "h3": "881e0360edfffff" }, "geometry": { "type": "Polygon", "coordinates": [ [ [ 19.279404460598379, 47.469034175154817 ], [ 19.276963572037303, 47.464587243679311 ], [ 19.281724120318749, 47.46108915247801 ], [ 19.288925519406941, 47.462037817813531 ], [ 19.291367057527253, 47.466484667406547 ], [ 19.28660654708052, 47.469982933562392 ], [ 19.279404460598379, 47.469034175154817 ] ] ] } },
{ "type": "Feature", "properties": { "h3": "881e03604dfffff" }, "geometry": { "type": "Polygon", "coordinates": [ [ [ 19.212601987392972, 47.505582783929555 ], [ 19.21016402599821, 47.501136569385793 ], [ 19.214929384003216, 47.497643099225854 ], [ 19.222132667915204, 47.498595668599414 ], [ 19.224571280801257, 47.50304180185983 ], [ 19.219805958364308, 47.506535447045941 ], [ 19.212601987392972, 47.505582783929555 ] ] ] } },
{ "type": "Feature", "properties": { "h3": "881e037a85fffff" }, "geometry": { "type": "Polygon", "coordinates": [ [ [ 19.063979167952859, 47.514691332576739 ], [ 19.061550019020611, 47.510242947123416 ], [ 19.066321592080484, 47.506756446632565 ], [ 19.073522283699081, 47.507718156554567 ], [ 19.075952087190387, 47.512166462222936 ], [ 19.071180544583907, 47.515653137770293 ], [ 19.063979167952859, 47.514691332576739 ] ] ] } },
{ "type": "Feature", "properties": { "h3": "881e036a6dfffff" }, "geometry": { "type": "Polygon", "coordinates": [ [ [ 19.060860999880283, 47.411116247250071 ], [ 19.058435293509334, 47.406662385060685 ], [ 19.06320059739588, 47.403171245367176 ], [ 19.070391577468374, 47.404133792989818 ], [ 19.07281793670796, 47.408587575660817 ], [ 19.068052663085947, 47.412078890243549 ], [ 19.060860999880283, 47.411116247250071 ] ] ] } },
{ "type": "Feature", "properties": { "h3": "881e037831fffff" }, "geometry": { "type": "Polygon", "coordinates": [ [ [ 19.022882808201423, 47.46381502177271 ], [ 19.020457777096304, 47.459363243564411 ], [ 19.025227762248434, 47.455876208321953 ], [ 19.032422749586509, 47.456840776328583 ], [ 19.034848435189755, 47.461292475289532 ], [ 19.030078479036323, 47.464779685507274 ], [ 19.022882808201423, 47.46381502177271 ] ] ] } },
{ "type": "Feature", "properties": { "h3": "881e036a11fffff" }, "geometry": { "type": "Polygon", "coordinates": [ [ [ 19.139884741777941, 47.409282211660098 ], [ 19.137454257393184, 47.404829655616808 ], [ 19.142216454376154, 47.401334949168991 ], [ 19.149409102844118, 47.402292623900877 ], [ 19.151840238524773, 47.406745099619272 ], [ 19.147078074521328, 47.410239980946642 ], [ 19.139884741777941, 47.409282211660098 ] ] ] } },
{ "type": "Feature", "properties": { "h3": "881e03615bfffff" }, "geometry": { "type": "Polygon", "coordinates": [ [ [ 19.200306603883881, 47.470959408337762 ], [ 19.197870485931588, 47.466511157660541 ], [ 19.202634178990916, 47.463016631697066 ], [ 19.209833954969952, 47.463970181455601 ], [ 19.212270724071793, 47.468418351052513 ], [ 19.207507066125213, 47.471913051987109 ], [ 19.200306603883881, 47.470959408337762 ] ] ] } },
{ "type": "Feature", "properties": { "h3": "881e036a23fffff" }, "geometry": { "type": "Polygon", "coordinates": [ [ [ 19.101401280212432, 47.387631902728607 ], [ 19.098973828408848, 47.383177532722385 ], [ 19.103736153957492, 47.379683525716878 ], [ 19.110925899750409, 47.38064371388441 ], [ 19.113354003237195, 47.385098004008483 ], [ 19.108591709327413, 47.388592185863146 ], [ 19.101401280212432, 47.387631902728607 ] ] ] } },
{ "type": "Feature", "properties": { "h3": "881e036acdfffff" }, "geometry": { "type": "Polygon", "coordinates": [ [ [ 19.161465505891389, 47.41215416708588 ], [ 19.159033611992893, 47.407702145471092 ], [ 19.16379516529285, 47.404206621156113 ], [ 19.170988578847272, 47.40516294359027 ], [ 19.173421123667701, 47.409614884652818 ], [ 19.168659604091655, 47.41311058384936 ], [ 19.161465505891389, 47.41215416708588 ] ] ] } },
{ "type": "Feature", "properties": { "h3": "881e03632bfffff" }, "geometry": { "type": "Polygon", "coordinates": [ [ [ 19.150111278515244, 47.48904963723276 ], [ 19.147677660703888, 47.484601438015545 ], [ 19.152444381771488, 47.481109955756985 ], [ 19.159644687330463, 47.48206649772446 ], [ 19.162078957581802, 47.486514616333537 ], [ 19.15731226991424, 47.490006273599235 ], [ 19.150111278515244, 47.48904963723276 ] ] ] } },
{ "type": "Feature", "properties": { "h3": "881e0379dbfffff" }, "geometry": { "type": "Polygon", "coordinates": [ [ [ 19.049155932106803, 47.450828615931357 ], [ 19.046729697819607, 47.446376622329211 ], [ 19.051497890137593, 47.442887828330647 ], [ 19.058692286929425, 47.443850852996967 ], [ 19.061119174983666, 47.448302767111443 ], [ 19.056351012558626, 47.451791736063285 ], [ 19.049155932106803, 47.450828615931357 ] ] ] } },
{ "type": "Feature", "properties": { "h3": "881e036231fffff" }, "geometry": { "type": "Polygon", "coordinates": [ [ [ 19.24153451670534, 47.521774783476509 ], [ 19.239094275370746, 47.517329938537955 ], [ 19.243859525659243, 47.513835943277137 ], [ 19.251064980782143, 47.514786617922326 ], [ 19.25350587331096, 47.519231381246307 ], [ 19.24874065960309, 47.522725551555574 ], [ 19.24153451670534, 47.521774783476509 ] ] ] } },
{ "type": "Feature", "properties": { "h3": "881e037859fffff" }, "geometry": { "type": "Polygon", "coordinates": [ [ [ 19.0207763461787, 47.50891102083861 ], [ 19.018350028738205, 47.504461567957932 ], [ 19.023122877760589, 47.500976708093688 ], [ 19.030322015343071, 47.501941126077384 ], [ 19.032748988087, 47.506390499629298 ], [ 19.02797616802469, 47.509875534542338 ], [ 19.0207763461787, 47.50891102083861 ] ] ] } },
{ "type": "Feature", "properties": { "h3": "881e036009fffff" }, "geometry": { "type": "Polygon", "coordinates": [ [ [ 19.238864861498602, 47.492558641662185 ], [ 19.236425706015282, 47.488112214850908 ], [ 19.241189256602063, 47.484616988958685 ], [ 19.248391926291546, 47.485568014893126 ], [ 19.250831732529374, 47.490014360182528 ], [ 19.246068218403508, 47.493509761075245 ], [ 19.238864861498602, 47.492558641662185 ] ] ] } },
{ "type": "Feature", "properties": { "h3": "881e0378c1fffff" }, "geometry": { "type": "Polygon", "coordinates": [ [ [ 19.073346027529542, 47.482946721012325 ], [ 19.070917302525562, 47.47849683712046 ], [ 19.075686560819051, 47.475008457242943 ], [ 19.082884513445336, 47.475969786269417 ], [ 19.085313892287878, 47.480419590352675 ], [ 19.080544664745332, 47.483908145234075 ], [ 19.073346027529542, 47.482946721012325 ] ] ] } },
{ "type": "Feature", "properties": { "h3": "881e036aa5fffff" }, "geometry": { "type": "Polygon", "coordinates": [ [ [ 19.163487793294543, 47.366997560249665 ], [ 19.16105719292484, 47.362543217638816 ], [ 19.165815894840474, 47.359045529366 ], [ 19.173005163451599, 47.360002008909902 ], [ 19.175436413945388, 47.364456271047587 ], [ 19.170677745783689, 47.367954134130457 ], [ 19.163487793294543, 47.366997560249665 ] ] ] } },
{ "type": "Feature", "properties": { "h3": "881e037985fffff" }, "geometry": { "type": "Polygon", "coordinates": [ [ [ 19.013027641158288, 47.421217260940523 ], [ 19.01060454901403, 47.416763081849609 ], [ 19.015372279925295, 47.413274518161082 ], [ 19.022563074432348, 47.414239958672077 ], [ 19.024986820545813, 47.418694058713484 ], [ 19.020219118262414, 47.422182797309418 ], [ 19.013027641158288, 47.421217260940523 ] ] ] } },
{ "type": "Feature", "properties": { "h3": "881e03788dfffff" }, "geometry": { "type": "Polygon", "coordinates": [ [ [ 19.078026621737223, 47.467069349542683 ], [ 19.075598108786192, 47.46261871700495 ], [ 19.080366210419236, 47.459129398121981 ], [ 19.087562794183668, 47.460090536814995 ], [ 19.089991960613435, 47.464541089532155 ], [ 19.085223889879742, 47.468030583392903 ], [ 19.078026621737223, 47.467069349542683 ] ] ] } },
{ "type": "Feature", "properties": { "h3": "881e037ae5fffff" }, "geometry": { "type": "Polygon", "coordinates": [ [ [ 19.030403246202539, 47.514324533419234 ], [ 19.02797616802469, 47.509875534542338 ], [ 19.032748988087, 47.506390499629298 ], [ 19.039948857110979, 47.507354288551774 ], [ 19.042376590496573, 47.511803207988706 ], [ 19.037603799730164, 47.515288417959169 ], [ 19.030403246202539, 47.514324533419234 ] ] ] } },
{ "type": "Feature", "properties": { "h3": "881e037851fffff" }, "geometry": { "type": "Polygon", "coordinates": [ [ [ 19.023122877760589, 47.500976708093688 ], [ 19.020696665588698, 47.496526880627457 ], [ 19.025468935796546, 47.493041550463502 ], [ 19.032667389220947, 47.494005872746115 ], [ 19.035094256515965, 47.498455620877699 ], [ 19.030322015343071, 47.501941126077384 ], [ 19.023122877760589, 47.500976708093688 ] ] ] } },
{ "type": "Feature", "properties": { "h3": "881e0371e3fffff" }, "geometry": { "type": "Polygon", "coordinates": [ [ [ 19.119451101059582, 47.555065831386642 ], [ 19.117017280049701, 47.550620552084588 ], [ 19.121789244780508, 47.547133471182626 ], [ 19.128994998201971, 47.548091494479031 ], [ 19.131429473370037, 47.552536693336208 ], [ 19.126657541038604, 47.556023949357858 ], [ 19.119451101059582, 47.555065831386642 ] ] ] } },
{ "type": "Feature", "properties": { "h3": "881e03626dfffff" }, "geometry": { "type": "Polygon", "coordinates": [ [ [ 19.179337249004501, 47.542406433892232 ], [ 19.176900159983227, 47.537961557979813 ], [ 19.18166906151502, 47.534471252614779 ], [ 19.188875017693871, 47.535425648086104 ], [ 19.191312759482908, 47.539870442971214 ], [ 19.186543892405652, 47.543360923428288 ], [ 19.179337249004501, 47.542406433892232 ] ] ] } },
{ "type": "Feature", "properties": { "h3": "881e0379ebfffff" }, "geometry": { "type": "Polygon", "coordinates": [ [ [ 18.998721531820667, 47.431680429734108 ], [ 18.996298989206103, 47.427226545266855 ], [ 19.001067903637356, 47.423739095458366 ], [ 19.008259332618891, 47.424705355208786 ], [ 19.010682529657299, 47.429159160749983 ], [ 19.005913643369713, 47.432646785482866 ], [ 18.998721531820667, 47.431680429734108 ] ] ] } },
{ "type": "Feature", "properties": { "h3": "881e03622bfffff" }, "geometry": { "type": "Polygon", "coordinates": [ [ [ 19.217590066050555, 47.526857479990788 ], [ 19.215151127941219, 47.522412472171794 ], [ 19.21991760813362, 47.518919764701458 ], [ 19.227122990756019, 47.51987189000527 ], [ 19.22956258061739, 47.524316816442159 ], [ 19.224796136184725, 47.527809698973257 ], [ 19.217590066050555, 47.526857479990788 ] ] ] } },
{ "type": "Feature", "properties": { "h3": "881e036acbfffff" }, "geometry": { "type": "Polygon", "coordinates": [ [ [ 19.183048564456069, 47.41502206454129 ], [ 19.180615261447901, 47.410570577893637 ], [ 19.185376169549976, 47.407074235849002 ], [ 19.192570346271648, 47.408029205584597 ], [ 19.195004299827108, 47.412480611452793 ], [ 19.190243426193515, 47.415977128380739 ], [ 19.183048564456069, 47.41502206454129 ] ] ] } },
{ "type": "Feature", "properties": { "h3": "881e0378e1fffff" }, "geometry": { "type": "Polygon", "coordinates": [ [ [ 19.056436365261376, 47.464182941678011 ], [ 19.054009265784977, 47.459731775658682 ], [ 19.058778006331366, 47.456243276178128 ], [ 19.065973816279929, 47.457205767758495 ], [ 19.06840156960731, 47.461656854185186 ], [ 19.063632859214803, 47.465145528640171 ], [ 19.056436365261376, 47.464182941678011 ] ] ] } },
{ "type": "Feature", "properties": { "h3": "881e0379d1fffff" }, "geometry": { "type": "Polygon", "coordinates": [ [ [ 19.039535347130673, 47.445412873854856 ], [ 19.037109872259826, 47.440960426966377 ], [ 19.041878094135548, 47.437471807912843 ], [ 19.049071761403937, 47.438435460818788 ], [ 19.051497890137593, 47.442887828330647 ], [ 19.046729697819607, 47.446376622329211 ], [ 19.039535347130673, 47.445412873854856 ] ] ] } },
{ "type": "Feature", "properties": { "h3": "881e0361edfffff" }, "geometry": { "type": "Polygon", "coordinates": [ [ [ 19.211939779287125, 47.431237098471584 ], [ 19.209504201313024, 47.426786976272119 ], [ 19.214265005001611, 47.423290109555722 ], [ 19.221461351267507, 47.424243190149582 ], [ 19.223897579494356, 47.428693231238334 ], [ 19.219136811282585, 47.432190272859799 ], [ 19.211939779287125, 47.431237098471584 ] ] ] } },
{ "type": "Feature", "properties": { "h3": "881e036b49fffff" }, "geometry": { "type": "Polygon", "coordinates": [ [ [ 19.0200601397977, 47.397386504538197 ], [ 19.017637362426282, 47.392931205376229 ], [ 19.022403361173076, 47.389441234118152 ], [ 19.029592108518834, 47.390406387168596 ], [ 19.032015539320565, 47.39486160726242 ], [ 19.027249569425564, 47.398351753389996 ], [ 19.0200601397977, 47.397386504538197 ] ] ] } },
{ "type": "Feature", "properties": { "h3": "881e036ac7fffff" }, "geometry": { "type": "Polygon", "coordinates": [ [ [ 19.175749521082029, 47.401666776421621 ], [ 19.173317083639265, 47.397214461703378 ], [ 19.17807744865307, 47.393717826678248 ], [ 19.185270216983795, 47.394673331524203 ], [ 19.187703304892544, 47.399125565567239 ], [ 19.18294297408443, 47.402622375455437 ], [ 19.175749521082029, 47.401666776421621 ] ] ] } },
{ "type": "Feature", "properties": { "h3": "881e036345fffff" }, "geometry": { "type": "Polygon", "coordinates": [ [ [ 19.131137096017682, 47.515395578094299 ], [ 19.128703809846286, 47.510948422824008 ], [ 19.133472878592158, 47.507458992800956 ], [ 19.140675200820628, 47.508416543011698 ], [ 19.143109140249219, 47.512863617808193 ], [ 19.138340104272171, 47.516353222883723 ], [ 19.131137096017682, 47.515395578094299 ] ] ] } },
{ "type": "Feature", "properties": { "h3": "881e03703dfffff" }, "geometry": { "type": "Polygon", "coordinates": [ [ [ 19.129383685819896, 47.597589360448296 ], [ 19.126947913280869, 47.593146496375496 ], [ 19.131722132431875, 47.589660946468413 ], [ 19.138932091423857, 47.590618085459397 ], [ 19.141368518647869, 47.595060868888176 ], [ 19.136594332275205, 47.598546593985986 ], [ 19.129383685819896, 47.597589360448296 ] ] ] } },
{ "type": "Feature", "properties": { "h3": "881e036305fffff" }, "geometry": { "type": "Polygon", "coordinates": [ [ [ 19.14777770393286, 47.496988474873312 ], [ 19.145343978901334, 47.49254065036758 ], [ 19.150111278515244, 47.48904963723276 ], [ 19.15731226991424, 47.490006273599235 ], [ 19.159746647565552, 47.494454017502761 ], [ 19.15497938127816, 47.49794520565802 ], [ 19.14777770393286, 47.496988474873312 ] ] ] } },
{ "type": "Feature", "properties": { "h3": "881e036353fffff" }, "geometry": { "type": "Polygon", "coordinates": [ [ [ 19.186331272582485, 47.518598355963078 ], [ 19.183894507122929, 47.514152354271182 ], [ 19.188661671409747, 47.510660641007959 ], [ 19.195865566562002, 47.511614754401073 ], [ 19.198302984249374, 47.516060675048244 ], [ 19.193535854636906, 47.519552563362929 ], [ 19.186331272582485, 47.518598355963078 ] ] ] } },
{ "type": "Feature", "properties": { "h3": "881e037a8dfffff" }, "geometry": { "type": "Polygon", "coordinates": [ [ [ 19.061636270777271, 47.522625373540073 ], [ 19.059207015900018, 47.518177362934779 ], [ 19.063979167952859, 47.514691332576739 ], [ 19.071180544583907, 47.515653137770293 ], [ 19.073610454200455, 47.520101068596482 ], [ 19.068838332526539, 47.523587274024258 ], [ 19.061636270777271, 47.522625373540073 ] ] ] } },
{ "type": "Feature", "properties": { "h3": "881e037121fffff" }, "geometry": { "type": "Polygon", "coordinates": [ [ [ 19.040280142973138, 47.556873753954278 ], [ 19.037851120202635, 47.552427164053007 ], [ 19.042626198699008, 47.548943661199523 ], [ 19.049830270376706, 47.549906573135686 ], [ 19.052259948884988, 47.554353083397814 ], [ 19.047484900057707, 47.557836761378994 ], [ 19.040280142973138, 47.556873753954278 ] ] ] } },
{ "type": "Feature", "properties": { "h3": "881e0344adfffff" }, "geometry": { "type": "Polygon", "coordinates": [ [ [ 18.944421531351626, 47.576989729946789 ], [ 18.941997764430582, 47.572542507144341 ], [ 18.946777703872975, 47.569064175675329 ], [ 18.953981383940253, 47.57003289186283 ], [ 18.956405808808288, 47.574480035962509 ], [ 18.951625895741699, 47.577958542593606 ], [ 18.944421531351626, 47.576989729946789 ] ] ] } },
{ "type": "Feature", "properties": { "h3": "881e03636bfffff" }, "geometry": { "type": "Polygon", "coordinates": [ [ [ 19.133472878592158, 47.507458992800956 ], [ 19.131039699432058, 47.503011462622489 ], [ 19.13580818934323, 47.499521563118428 ], [ 19.143009825651955, 47.50047901876966 ], [ 19.145443657889228, 47.504926468468476 ], [ 19.140675200820628, 47.508416543011698 ], [ 19.133472878592158, 47.507458992800956 ] ] ] } },
{ "type": "Feature", "properties": { "h3": "881e037a47fffff" }, "geometry": { "type": "Polygon", "coordinates": [ [ [ 18.975449037066234, 47.548186358218445 ], [ 18.973024268433647, 47.543738167418539 ], [ 18.977801255818811, 47.540257128219338 ], [ 18.985002984490031, 47.54122410472182 ], [ 18.987428409975625, 47.545672216567525 ], [ 18.98265145001664, 47.549153430881049 ], [ 18.975449037066234, 47.548186358218445 ] ] ] } },
{ "type": "Feature", "properties": { "h3": "881e037aa1fffff" }, "geometry": { "type": "Polygon", "coordinates": [ [ [ 19.056692587651217, 47.501345347021292 ], [ 19.054264305128523, 47.496896132478021 ], [ 19.059035329507832, 47.49340933700369 ], [ 19.066234606297794, 47.494371581053706 ], [ 19.068663543295571, 47.498820715917176 ], [ 19.063892549108068, 47.50230768642647 ], [ 19.056692587651217, 47.501345347021292 ] ] ] } },
{ "type": "Feature", "properties": { "h3": "881e036147fffff" }, "geometry": { "type": "Polygon", "coordinates": [ [ [ 19.159440864933561, 47.457285850422622 ], [ 19.157007676146677, 47.452836153315872 ], [ 19.16177208423521, 47.449342795711118 ], [ 19.168969647496905, 47.450298960274772 ], [ 19.171403488005073, 47.45474857674936 ], [ 19.166639113610223, 47.458242109308415 ], [ 19.159440864933561, 47.457285850422622 ] ] ] } },
{ "type": "Feature", "properties": { "h3": "881e037131fffff" }, "geometry": { "type": "Polygon", "coordinates": [ [ [ 19.073875135534351, 47.557238573014786 ], [ 19.071444040149384, 47.552792597693205 ], [ 19.076217869257874, 47.549307628191265 ], [ 19.083422763002819, 47.550268458900256 ], [ 19.085854513475354, 47.554714354237909 ], [ 19.081080715195387, 47.558199498866543 ], [ 19.073875135534351, 47.557238573014786 ] ] ] } },
{ "type": "Feature", "properties": { "h3": "881e036115fffff" }, "geometry": { "type": "Polygon", "coordinates": [ [ [ 19.197654444740358, 47.441725183850274 ], [ 19.195219409452076, 47.437275354775224 ], [ 19.19998140352212, 47.433779598938216 ], [ 19.207178397965539, 47.434733497268034 ], [ 19.209614083963444, 47.439183245355053 ], [ 19.20485212488833, 47.442679176116158 ], [ 19.197654444740358, 47.441725183850274 ] ] ] } },
{ "type": "Feature", "properties": { "h3": "881e037989fffff" }, "geometry": { "type": "Polygon", "coordinates": [ [ [ 19.020298645709875, 47.43457814585372 ], [ 19.017874689463529, 47.430124792995635 ], [ 19.022642969449812, 47.426636523807282 ], [ 19.02983517687408, 47.427601432564643 ], [ 19.032259787174205, 47.432054706268254 ], [ 19.027491536075754, 47.435543150385037 ], [ 19.020298645709875, 47.43457814585372 ] ] ] } },
{ "type": "Feature", "properties": { "h3": "881e037855fffff" }, "geometry": { "type": "Polygon", "coordinates": [ [ [ 19.013498259713749, 47.495561833791832 ], [ 19.011072808044204, 47.49111155261199 ], [ 19.015845106951364, 47.487626397475168 ], [ 19.023042828908345, 47.488591348507128 ], [ 19.025468935796546, 47.493041550463502 ], [ 19.020696665588698, 47.496526880627457 ], [ 19.013498259713749, 47.495561833791832 ] ] ] } },
{ "type": "Feature", "properties": { "h3": "881e036329fffff" }, "geometry": { "type": "Polygon", "coordinates": [ [ [ 19.138143028406095, 47.49158328925661 ], [ 19.135710063312072, 47.487135009547877 ], [ 19.140477395915941, 47.483644171425659 ], [ 19.147677660703888, 47.484601438015545 ], [ 19.150111278515244, 47.48904963723276 ], [ 19.145343978901334, 47.49254065036758 ], [ 19.138143028406095, 47.49158328925661 ] ] ] } },
{ "type": "Feature", "properties": { "h3": "881e036a35fffff" }, "geometry": { "type": "Polygon", "coordinates": [ [ [ 19.113354003237195, 47.385098004008483 ], [ 19.110925899750409, 47.38064371388441 ], [ 19.115687616638944, 47.377149063865055 ], [ 19.122877405046403, 47.378108529141691 ], [ 19.12530615994061, 47.382562739266632 ], [ 19.120544475099489, 47.386057564130027 ], [ 19.113354003237195, 47.385098004008483 ] ] ] } },
{ "type": "Feature", "properties": { "h3": "881e036015fffff" }, "geometry": { "type": "Polygon", "coordinates": [ [ [ 19.265119887377917, 47.479525934403206 ], [ 19.262679539652762, 47.475079295908813 ], [ 19.267441281688441, 47.47158231545108 ], [ 19.27464333417673, 47.472531798529147 ], [ 19.277084331919383, 47.476978355263199 ], [ 19.272322627236633, 47.480475510695385 ], [ 19.265119887377917, 47.479525934403206 ] ] ] } },
{ "type": "Feature", "properties": { "h3": "881e03618dfffff" }, "geometry": { "type": "Polygon", "coordinates": [ [ [ 19.245489544786899, 47.431549228374152 ], [ 19.243051908326514, 47.427099723950256 ], [ 19.247811449235471, 47.423601397082692 ], [ 19.255008590053755, 47.424552399754866 ], [ 19.2574468761124, 47.429001822724857 ], [ 19.252687371834668, 47.43250032449243 ], [ 19.245489544786899, 47.431549228374152 ] ] ] } },
{ "type": "Feature", "properties": { "h3": "881e037161fffff" }, "geometry": { "type": "Polygon", "coordinates": [ [ [ 19.023603710635491, 47.575249566492012 ], [ 19.021175132876177, 47.570803647832243 ], [ 19.025951979769037, 47.567321732971543 ], [ 19.033157375393422, 47.568285561627597 ], [ 19.035586609528561, 47.572731400776462 ], [ 19.030809791743359, 47.576213490796256 ], [ 19.023603710635491, 47.575249566492012 ] ] ] } },
{ "type": "Feature", "properties": { "h3": "881e037103fffff" }, "geometry": { "type": "Polygon", "coordinates": [ [ [ 19.069188247727389, 47.57309792454538 ], [ 19.066756939923767, 47.568652700131587 ], [ 19.071531928402742, 47.565168671869046 ], [ 19.078738194085915, 47.566129692882733 ], [ 19.081170157338249, 47.570574837323996 ], [ 19.07639519953873, 47.574059040740167 ], [ 19.069188247727389, 47.57309792454538 ] ] ] } },
{ "type": "Feature", "properties": { "h3": "881e036a09fffff" }, "geometry": { "type": "Polygon", "coordinates": [ [ [ 19.104014841670256, 47.416885347742927 ], [ 19.101586312831024, 47.412432551426342 ], [ 19.106350338525392, 47.408939774759332 ], [ 19.113542861385937, 47.409899619529696 ], [ 19.115972042349853, 47.41435233587211 ], [ 19.11120804840818, 47.417845287434297 ], [ 19.104014841670256, 47.416885347742927 ] ] ] } },
{ "type": "Feature", "properties": { "h3": "881e036107fffff" }, "geometry": { "type": "Polygon", "coordinates": [ [ [ 19.176062929320462, 47.438860498963031 ], [ 19.173629303769587, 47.43441013413085 ], [ 19.178391944475944, 47.430915196309989 ], [ 19.185588176563694, 47.43187044841477 ], [ 19.188022453199682, 47.436320732485981 ], [ 19.183259846742757, 47.439815845229305 ], [ 19.176062929320462, 47.438860498963031 ] ] ] } },
{ "type": "Feature", "properties": { "h3": "881e036159fffff" }, "geometry": { "type": "Polygon", "coordinates": [ [ [ 19.188341908557632, 47.473499097602307 ], [ 19.18590644203276, 47.469050765961285 ], [ 19.190670748031206, 47.465556883470903 ], [ 19.197870485931588, 47.466511157660541 ], [ 19.200306603883881, 47.470959408337762 ], [ 19.195542332588477, 47.474453465805077 ], [ 19.188341908557632, 47.473499097602307 ] ] ] } },
{ "type": "Feature", "properties": { "h3": "881e03633bfffff" }, "geometry": { "type": "Polygon", "coordinates": [ [ [ 19.18368281794573, 47.489380995987183 ], [ 19.181247135887642, 47.484933413637798 ], [ 19.18601259857412, 47.481440468511252 ], [ 19.193213708841963, 47.482394930746459 ], [ 19.195650042686719, 47.486842432143952 ], [ 19.190884614557099, 47.490335552274061 ], [ 19.18368281794573, 47.489380995987183 ] ] ] } },
{ "type": "Feature", "properties": { "h3": "881e1cb699fffff" }, "geometry": { "type": "Polygon", "coordinates": [ [ [ 18.986537594188775, 47.397009419335198 ], [ 18.98411688317103, 47.392553510490195 ], [ 18.988884120675955, 47.389065002130849 ], [ 18.996072041578103, 47.390032227762802 ], [ 18.998493406670008, 47.394488057885582 ], [ 18.993726196864841, 47.397976741114682 ], [ 18.986537594188775, 47.397009419335198 ] ] ] } },
{ "type": "Feature", "properties": { "h3": "881e03786bfffff" }, "geometry": { "type": "Polygon", "coordinates": [ [ [ 18.98228367489255, 47.487246145034781 ], [ 18.979860399702343, 47.482794878146464 ], [ 18.984633361209475, 47.479310718390778 ], [ 18.991829570368157, 47.48027765052543 ], [ 18.994253501242738, 47.484728838529989 ], [ 18.989480567353759, 47.488213173299755 ], [ 18.98228367489255, 47.487246145034781 ] ] ] } },
{ "type": "Feature", "properties": { "h3": "881e036a1dfffff" }, "geometry": { "type": "Polygon", "coordinates": [ [ [ 19.127928676052722, 47.411817957127816 ], [ 19.125498843240276, 47.407365320876515 ], [ 19.130261650155965, 47.403871257555458 ], [ 19.137454257393184, 47.404829655616808 ], [ 19.139884741777941, 47.409282211660098 ], [ 19.135121967432902, 47.412776449866001 ], [ 19.127928676052722, 47.411817957127816 ] ] ] } },
{ "type": "Feature", "properties": { "h3": "881e037029fffff" }, "geometry": { "type": "Polygon", "coordinates": [ [ [ 19.105412308642514, 47.602642226756451 ], [ 19.102977846308224, 47.598199201745089 ], [ 19.107753290210589, 47.594714943553036 ], [ 19.114963164572977, 47.595673535187032 ], [ 19.117398282148709, 47.60011647978736 ], [ 19.112622870200823, 47.603600913180763 ], [ 19.105412308642514, 47.602642226756451 ] ] ] } },
{ "type": "Feature", "properties": { "h3": "881e036ac1fffff" }, "geometry": { "type": "Polygon", "coordinates": [ [ [ 19.173421123667701, 47.409614884652818 ], [ 19.170988578847272, 47.40516294359027 ], [ 19.175749521082029, 47.401666776421621 ], [ 19.18294297408443, 47.402622375455437 ], [ 19.185376169549976, 47.407074235849002 ], [ 19.180615261447901, 47.410570577893637 ], [ 19.173421123667701, 47.409614884652818 ] ] ] } },
{ "type": "Feature", "properties": { "h3": "881e036a3dfffff" }, "geometry": { "type": "Polygon", "coordinates": [ [ [ 19.111019919174129, 47.393046102680159 ], [ 19.108591709327413, 47.388592185863146 ], [ 19.113354003237195, 47.385098004008483 ], [ 19.120544475099489, 47.386057564130027 ], [ 19.122973336532855, 47.390511400954161 ], [ 19.118211074596882, 47.394005757665596 ], [ 19.111019919174129, 47.393046102680159 ] ] ] } },
{ "type": "Feature", "properties": { "h3": "881e037999fffff" }, "geometry": { "type": "Polygon", "coordinates": [ [ [ 19.053839375795281, 47.434946197450998 ], [ 19.051413352630036, 47.430493456125483 ], [ 19.056180389214951, 47.427003723503475 ], [ 19.063373419002978, 47.427966557295491 ], [ 19.065800095575725, 47.432419219121144 ], [ 19.061033089032513, 47.43590912667068 ], [ 19.053839375795281, 47.434946197450998 ] ] ] } },
{ "type": "Feature", "properties": { "h3": "881e037b11fffff" }, "geometry": { "type": "Polygon", "coordinates": [ [ [ 18.955989669645536, 47.500210096259025 ], [ 18.953567602417213, 47.495759046289756 ], [ 18.958342353967218, 47.492276648354519 ], [ 18.965539146103275, 47.49324512536954 ], [ 18.967961869746457, 47.497696096695563 ], [ 18.963187144918145, 47.501178669665912 ], [ 18.955989669645536, 47.500210096259025 ] ] ] } },
{ "type": "Feature", "properties": { "h3": "881e037067fffff" }, "geometry": { "type": "Polygon", "coordinates": [ [ [ 19.093425766309846, 47.60516660120706 ], [ 19.090991959494978, 47.600723495901235 ], [ 19.0957680152253, 47.597239883765482 ], [ 19.102977846308224, 47.598199201745089 ], [ 19.105412308642514, 47.602642226756451 ], [ 19.100636284454659, 47.606126014098741 ], [ 19.093425766309846, 47.60516660120706 ] ] ] } },
{ "type": "Feature", "properties": { "h3": "881e0361ebfffff" }, "geometry": { "type": "Polygon", "coordinates": [ [ [ 19.233531634986971, 47.434095267464329 ], [ 19.231094648402884, 47.429645681702944 ], [ 19.235854803143706, 47.426147997391062 ], [ 19.243051908326514, 47.427099723950256 ], [ 19.245489544786899, 47.431549228374152 ], [ 19.240729426268338, 47.43504708759221 ], [ 19.233531634986971, 47.434095267464329 ] ] ] } },
{ "type": "Feature", "properties": { "h3": "881e037acbfffff" }, "geometry": { "type": "Polygon", "coordinates": [ [ [ 19.066582716946698, 47.543899816537781 ], [ 19.064152489043309, 47.539453010809133 ], [ 19.068925769214118, 47.535967745963227 ], [ 19.076129246801898, 47.53692911175721 ], [ 19.078560129708929, 47.541375837607276 ], [ 19.073786880104457, 47.544861277557999 ], [ 19.066582716946698, 47.543899816537781 ] ] ] } },
{ "type": "Feature", "properties": { "h3": "881e03711bfffff" }, "geometry": { "type": "Polygon", "coordinates": [ [ [ 19.100451092568687, 47.581383908628951 ], [ 19.09801760580806, 47.576939675735353 ], [ 19.102791921268111, 47.573454651350254 ], [ 19.109999691803427, 47.574413684709143 ], [ 19.112433833541413, 47.578857837291487 ], [ 19.10765954984689, 47.58234303684219 ], [ 19.100451092568687, 47.581383908628951 ] ] ] } },
{ "type": "Feature", "properties": { "h3": "881e0379e7fffff" }, "geometry": { "type": "Polygon", "coordinates": [ [ [ 18.991454767845063, 47.418317950389763 ], [ 18.989033089013233, 47.413863240086066 ], [ 18.993801453655259, 47.41037549563282 ], [ 19.000991469324333, 47.411342286596025 ], [ 19.003413802495054, 47.415796918078726 ], [ 18.998645465737134, 47.419284837435271 ], [ 18.991454767845063, 47.418317950389763 ] ] ] } },
{ "type": "Feature", "properties": { "h3": "881e036111fffff" }, "geometry": { "type": "Polygon", "coordinates": [ [ [ 19.207287918895986, 47.447128549994645 ], [ 19.20485212488833, 47.442679176116158 ], [ 19.209614083963444, 47.439183245355053 ], [ 19.216811801794972, 47.440136513556915 ], [ 19.219248246413905, 47.444585806336917 ], [ 19.214486322670119, 47.448081912029437 ], [ 19.207287918895986, 47.447128549994645 ] ] ] } },
{ "type": "Feature", "properties": { "h3": "881e037a33fffff" }, "geometry": { "type": "Polygon", "coordinates": [ [ [ 19.018429340915372, 47.51684448848858 ], [ 19.016002918221311, 47.512395410288789 ], [ 19.0207763461787, 47.50891102083861 ], [ 19.02797616802469, 47.509875534542338 ], [ 19.030403246202539, 47.514324533419234 ], [ 19.025629847130308, 47.517809097931348 ], [ 19.018429340915372, 47.51684448848858 ] ] ] } },
{ "type": "Feature", "properties": { "h3": "881e03780bfffff" }, "geometry": { "type": "Polygon", "coordinates": [ [ [ 19.015845106951364, 47.487626397475168 ], [ 19.013419760400303, 47.483175741894783 ], [ 19.018191480688245, 47.479690116559688 ], [ 19.025388518832582, 47.480654971806906 ], [ 19.027814520422027, 47.485105548157897 ], [ 19.023042828908345, 47.488591348507128 ], [ 19.015845106951364, 47.487626397475168 ] ] ] } },
{ "type": "Feature", "properties": { "h3": "881e036315fffff" }, "geometry": { "type": "Polygon", "coordinates": [ [ [ 19.181352566537502, 47.497320679819644 ], [ 19.178916776734173, 47.492873472259468 ], [ 19.18368281794573, 47.489380995987183 ], [ 19.190884614557099, 47.490335552274061 ], [ 19.193321056326845, 47.494782678888321 ], [ 19.188555049598968, 47.498275330177542 ], [ 19.181352566537502, 47.497320679819644 ] ] ] } },
{ "type": "Feature", "properties": { "h3": "881e037141fffff" }, "geometry": { "type": "Polygon", "coordinates": [ [ [ 19.04052888666908, 47.593993683561962 ], [ 19.038098678958214, 47.589549050862274 ], [ 19.042876047378542, 47.586067256833111 ], [ 19.050083593883421, 47.58702992032952 ], [ 19.052514457958843, 47.591474473301481 ], [ 19.047737119244854, 47.594956442520875 ], [ 19.04052888666908, 47.593993683561962 ] ] ] } },
{ "type": "Feature", "properties": { "h3": "881e0361e9fffff" }, "geometry": { "type": "Polygon", "coordinates": [ [ [ 19.221573147712451, 47.436639939842237 ], [ 19.219136811282585, 47.432190272859799 ], [ 19.223897579494356, 47.428693231238334 ], [ 19.231094648402884, 47.429645681702944 ], [ 19.233531634986971, 47.434095267464329 ], [ 19.228770902588423, 47.437592483998031 ], [ 19.221573147712451, 47.436639939842237 ] ] ] } },
{ "type": "Feature", "properties": { "h3": "881e037a6dfffff" }, "geometry": { "type": "Polygon", "coordinates": [ [ [ 18.944219125905686, 47.539864652617808 ], [ 18.941796537748772, 47.53541547575162 ], [ 18.946574184723765, 47.531935433132233 ], [ 18.953774393591832, 47.532904392295031 ], [ 18.956197639066669, 47.537353490547162 ], [ 18.95142001843503, 47.540833708266696 ], [ 18.944219125905686, 47.539864652617808 ] ] ] } },
{ "type": "Feature", "properties": { "h3": "881e037113fffff" }, "geometry": { "type": "Polygon", "coordinates": [ [ [ 19.102791921268111, 47.573454651350254 ], [ 19.100358541221667, 47.569010042783091 ], [ 19.105132276833615, 47.565524547875697 ], [ 19.112339360732349, 47.566483486399498 ], [ 19.114773395575597, 47.570928014649752 ], [ 19.109999691803427, 47.574413684709143 ], [ 19.102791921268111, 47.573454651350254 ] ] ] } },
{ "type": "Feature", "properties": { "h3": "881e03616bfffff" }, "geometry": { "type": "Polygon", "coordinates": [ [ [ 19.149810153125841, 47.45187926461837 ], [ 19.147377723449807, 47.447429112757206 ], [ 19.152142164895832, 47.443935930099144 ], [ 19.159339002740317, 47.444892724371506 ], [ 19.16177208423521, 47.449342795711118 ], [ 19.157007676146677, 47.452836153315872 ], [ 19.149810153125841, 47.45187926461837 ] ] ] } },
{ "type": "Feature", "properties": { "h3": "881e037a31fffff" }, "geometry": { "type": "Polygon", "coordinates": [ [ [ 19.006454875641637, 47.519363073050123 ], [ 19.004029108707254, 47.514913915644499 ], [ 19.008803144194424, 47.511430171788973 ], [ 19.016002918221311, 47.512395410288789 ], [ 19.018429340915372, 47.51684448848858 ], [ 19.013655333902513, 47.52032840741046 ], [ 19.006454875641637, 47.519363073050123 ] ] ] } },
{ "type": "Feature", "properties": { "h3": "881e036221fffff" }, "geometry": { "type": "Polygon", "coordinates": [ [ [ 19.207945782530665, 47.521459621511653 ], [ 19.205507604665875, 47.517014157178636 ], [ 19.210274120280459, 47.513521624761474 ], [ 19.217478778417991, 47.514474381640063 ], [ 19.21991760813362, 47.518919764701458 ], [ 19.215151127941219, 47.522412472171794 ], [ 19.207945782530665, 47.521459621511653 ] ] ] } },
{ "type": "Feature", "properties": { "h3": "881e03712dfffff" }, "geometry": { "type": "Polygon", "coordinates": [ [ [ 19.028299774587975, 47.559393052950092 ], [ 19.025871407831843, 47.55494638352657 ], [ 19.030647095228094, 47.551463526636162 ], [ 19.037851120202635, 47.552427164053007 ], [ 19.040280142973138, 47.556873753954278 ], [ 19.035504484834576, 47.560356785977007 ], [ 19.028299774587975, 47.559393052950092 ] ] ] } },
{ "type": "Feature", "properties": { "h3": "881e037933fffff" }, "geometry": { "type": "Polygon", "coordinates": [ [ [ 18.967535030898603, 47.423355911606322 ], [ 18.965114661567874, 47.418901044012877 ], [ 18.969884235991625, 47.41541458862762 ], [ 18.977074152759979, 47.416382825940396 ], [ 18.979495176978446, 47.420837614947693 ], [ 18.974725629620046, 47.424324245244442 ], [ 18.967535030898603, 47.423355911606322 ] ] ] } },
{ "type": "Feature", "properties": { "h3": "881e037a23fffff" }, "geometry": { "type": "Polygon", "coordinates": [ [ [ 18.984855064024263, 47.516464362327589 ], [ 18.982430714148609, 47.512014672163318 ], [ 18.987205384527773, 47.508531749095923 ], [ 18.994404377134465, 47.509498341147101 ], [ 18.996829383140678, 47.513947952333993 ], [ 18.992054740489241, 47.517431050463223 ], [ 18.984855064024263, 47.516464362327589 ] ] ] } },
{ "type": "Feature", "properties": { "h3": "881e037a89fffff" }, "geometry": { "type": "Polygon", "coordinates": [ [ [ 19.071268348253508, 47.528034829913032 ], [ 19.068838332526539, 47.523587274024258 ], [ 19.073610454200455, 47.520101068596482 ], [ 19.080812560965995, 47.52106224399536 ], [ 19.083243231335871, 47.525509719993977 ], [ 19.078471140377239, 47.528996100499931 ], [ 19.071268348253508, 47.528034829913032 ] ] ] } },
{ "type": "Feature", "properties": { "h3": "881e0378c9fffff" }, "geometry": { "type": "Polygon", "coordinates": [ [ [ 19.071005021733466, 47.490884140640453 ], [ 19.068576190725206, 47.486434631215005 ], [ 19.073346027529542, 47.482946721012325 ], [ 19.080544664745332, 47.483908145234075 ], [ 19.082974149772177, 47.488357574856863 ], [ 19.078204343644451, 47.491845660076564 ], [ 19.071005021733466, 47.490884140640453 ] ] ] } },
{ "type": "Feature", "properties": { "h3": "881e0378a3fffff" }, "geometry": { "type": "Polygon", "coordinates": [ [ [ 19.085043971615359, 47.443246964962057 ], [ 19.082615776854389, 47.438795210174085 ], [ 19.087382144399566, 47.435304483644629 ], [ 19.094576675663706, 47.43626533698027 ], [ 19.097005523364075, 47.440717011929465 ], [ 19.092239186940613, 47.44420791339779 ], [ 19.085043971615359, 47.443246964962057 ] ] ] } },
{ "type": "Feature", "properties": { "h3": "881e037167fffff" }, "geometry": { "type": "Polygon", "coordinates": [ [ [ 19.025951979769037, 47.567321732971543 ], [ 19.023523507503779, 47.562875438882543 ], [ 19.028299774587975, 47.559393052950092 ], [ 19.035504484834576, 47.560356785977007 ], [ 19.037933613294918, 47.564803000549446 ], [ 19.033157375393422, 47.568285561627597 ], [ 19.025951979769037, 47.567321732971543 ] ] ] } },
{ "type": "Feature", "properties": { "h3": "881e036065fffff" }, "geometry": { "type": "Polygon", "coordinates": [ [ [ 19.197978558494103, 47.478901341890271 ], [ 19.195542332588477, 47.474453465805077 ], [ 19.200306603883881, 47.470959408337762 ], [ 19.207507066125213, 47.471913051987109 ], [ 19.209943943359924, 47.476360846997999 ], [ 19.205179707104357, 47.479855079449742 ], [ 19.197978558494103, 47.478901341890271 ] ] ] } },
{ "type": "Feature", "properties": { "h3": "881e036b5dfffff" }, "geometry": { "type": "Polygon", "coordinates": [ [ [ 19.043970379440818, 47.392335343173514 ], [ 19.041546295483581, 47.38788020226513 ], [ 19.046311081717764, 47.384388943507425 ], [ 19.053499922319048, 47.385352650813573 ], [ 19.055924659156862, 47.38980771241922 ], [ 19.05115990259219, 47.39329914603745 ], [ 19.043970379440818, 47.392335343173514 ] ] ] } },
{ "type": "Feature", "properties": { "h3": "881e037a57fffff" }, "geometry": { "type": "Polygon", "coordinates": [ [ [ 19.009036580335621, 47.54856990395124 ], [ 19.006609736778394, 47.544122325426699 ], [ 19.011385481680833, 47.540639818774508 ], [ 19.018588041635333, 47.541604715548246 ], [ 19.021015541398409, 47.546052214773049 ], [ 19.016239825080923, 47.549534896539939 ], [ 19.009036580335621, 47.54856990395124 ] ] ] } },
{ "type": "Feature", "properties": { "h3": "881e037335fffff" }, "geometry": { "type": "Polygon", "coordinates": [ [ [ 19.047821246320648, 47.607325918959695 ], [ 19.045390170307357, 47.602882117663121 ], [ 19.050168089296719, 47.599400619702315 ], [ 19.057377054410843, 47.600362747841508 ], [ 19.059808786873262, 47.604806469304691 ], [ 19.055030897852507, 47.608288142478152 ], [ 19.047821246320648, 47.607325918959695 ] ] ] } },
{ "type": "Feature", "properties": { "h3": "881e036059fffff" }, "geometry": { "type": "Polygon", "coordinates": [ [ [ 19.255829615575546, 47.511291978967904 ], [ 19.253388831979734, 47.50684684041903 ], [ 19.258152887979676, 47.503351732934178 ], [ 19.265357690592413, 47.504301588985491 ], [ 19.267799124923712, 47.508746645797757 ], [ 19.26303510598725, 47.512241928311177 ], [ 19.255829615575546, 47.511291978967904 ] ] ] } },
{ "type": "Feature", "properties": { "h3": "881e036155fffff" }, "geometry": { "type": "Polygon", "coordinates": [ [ [ 19.181036376004265, 47.4601532728054 ], [ 19.178601776415366, 47.455704111396258 ], [ 19.183365538690357, 47.452209935352684 ], [ 19.190563866194726, 47.453164745777983 ], [ 19.192999117129652, 47.457613826327801 ], [ 19.188235389294221, 47.461108177327581 ], [ 19.181036376004265, 47.4601532728054 ] ] ] } },
{ "type": "Feature", "properties": { "h3": "881e0371e7fffff" }, "geometry": { "type": "Polygon", "coordinates": [ [ [ 19.109811569105219, 47.549661803173372 ], [ 19.107378509289394, 47.545216068153657 ], [ 19.11215050608245, 47.541729162363147 ], [ 19.119355530709193, 47.542687816496915 ], [ 19.121789244780508, 47.547133471182626 ], [ 19.117017280049701, 47.550620552084588 ], [ 19.109811569105219, 47.549661803173372 ] ] ] } },
{ "type": "Feature", "properties": { "h3": "881e037a87fffff" }, "geometry": { "type": "Polygon", "coordinates": [ [ [ 19.075952087190387, 47.512166462222936 ], [ 19.073522283699081, 47.507718156554567 ], [ 19.078293247358744, 47.50423101100197 ], [ 19.085493983725513, 47.505191996082154 ], [ 19.087924441499204, 47.509640221848706 ], [ 19.083153508703599, 47.513127542452921 ], [ 19.075952087190387, 47.512166462222936 ] ] ] } },
{ "type": "Feature", "properties": { "h3": "881e036121fffff" }, "geometry": { "type": "Polygon", "coordinates": [ [ [ 19.156804776340955, 47.428046733156982 ], [ 19.154372668088421, 47.423595459155102 ], [ 19.159135376285668, 47.42010087115677 ], [ 19.166330159237813, 47.421057382268735 ], [ 19.168762918770874, 47.425508575730724 ], [ 19.164000244151111, 47.429003338636569 ], [ 19.156804776340955, 47.428046733156982 ] ] ] } },
{ "type": "Feature", "properties": { "h3": "881e037a4bfffff" }, "geometry": { "type": "Polygon", "coordinates": [ [ [ 18.982725075880488, 47.561529272333786 ], [ 18.980299440746741, 47.557081910728698 ], [ 18.985076980333957, 47.553601167653873 ], [ 18.992280127447909, 47.554567611063675 ], [ 18.994706419520391, 47.559014893608875 ], [ 18.98992890761992, 47.562495811820284 ], [ 18.982725075880488, 47.561529272333786 ] ] ] } },
{ "type": "Feature", "properties": { "h3": "881e036117fffff" }, "geometry": { "type": "Polygon", "coordinates": [ [ [ 19.209614083963444, 47.439183245355053 ], [ 19.207178397965539, 47.434733497268034 ], [ 19.211939779287125, 47.431237098471584 ], [ 19.219136811282585, 47.432190272859799 ], [ 19.221573147712451, 47.436639939842237 ], [ 19.216811801794972, 47.440136513556915 ], [ 19.209614083963444, 47.439183245355053 ] ] ] } },
{ "type": "Feature", "properties": { "h3": "881e036aedfffff" }, "geometry": { "type": "Polygon", "coordinates": [ [ [ 19.144547696586862, 47.393386844973584 ], [ 19.142117425925118, 47.388933541870905 ], [ 19.146878468544642, 47.385437899285982 ], [ 19.154069748779413, 47.38639538496583 ], [ 19.156500670378641, 47.390848607731144 ], [ 19.151739660885298, 47.394344425169891 ], [ 19.144547696586862, 47.393386844973584 ] ] ] } },
{ "type": "Feature", "properties": { "h3": "881e036265fffff" }, "geometry": { "type": "Polygon", "coordinates": [ [ [ 19.18166906151502, 47.534471252614779 ], [ 19.179232080333389, 47.530026001347458 ], [ 19.184000402662633, 47.526535226568583 ], [ 19.191205671725893, 47.527489527994483 ], [ 19.19364330549524, 47.531934698228731 ], [ 19.188875017693871, 47.535425648086104 ], [ 19.18166906151502, 47.534471252614779 ] ] ] } },
{ "type": "Feature", "properties": { "h3": "881e0378d5fffff" }, "geometry": { "type": "Polygon", "coordinates": [ [ [ 19.09728119176717, 47.477891090670546 ], [ 19.094851159362452, 47.473441366512802 ], [ 19.099619198860978, 47.469951697666183 ], [ 19.106817239272974, 47.470911577999338 ], [ 19.109247924963285, 47.475361222114707 ], [ 19.104479917035842, 47.478851065955276 ], [ 19.09728119176717, 47.477891090670546 ] ] ] } },
{ "type": "Feature", "properties": { "h3": "881e036001fffff" }, "geometry": { "type": "Polygon", "coordinates": [ [ [ 19.241189256602063, 47.484616988958685 ], [ 19.238750209748183, 47.48017018729238 ], [ 19.243513181928499, 47.476674493072473 ], [ 19.250715164509497, 47.477625425547686 ], [ 19.253154861938363, 47.482072145686153 ], [ 19.248391926291546, 47.485568014893126 ], [ 19.241189256602063, 47.484616988958685 ] ] ] } },
{ "type": "Feature", "properties": { "h3": "881e036145fffff" }, "geometry": { "type": "Polygon", "coordinates": [ [ [ 19.147477670477787, 47.459821756221494 ], [ 19.145045133689329, 47.45537197859926 ], [ 19.149810153125841, 47.45187926461837 ], [ 19.157007676146677, 47.452836153315872 ], [ 19.159440864933561, 47.457285850422622 ], [ 19.154675878781131, 47.460778739363299 ], [ 19.147477670477787, 47.459821756221494 ] ] ] } },
{ "type": "Feature", "properties": { "h3": "881e0379cdfffff" }, "geometry": { "type": "Polygon", "coordinates": [ [ [ 18.994027368769721, 47.447560568129234 ], [ 18.991604616771866, 47.44310743106211 ], [ 18.996374686909864, 47.439620920694729 ], [ 19.00356748113137, 47.440587372460683 ], [ 19.005990887912898, 47.445040430614 ], [ 19.00122084576865, 47.448527115931235 ], [ 18.994027368769721, 47.447560568129234 ] ] ] } },
{ "type": "Feature", "properties": { "h3": "881e037801fffff" }, "geometry": { "type": "Polygon", "coordinates": [ [ [ 19.006222770176528, 47.482210162322893 ], [ 19.003798183892805, 47.477759053319318 ], [ 19.008569932619579, 47.474273602989761 ], [ 19.015766239270786, 47.475239086674307 ], [ 19.018191480688245, 47.479690116559688 ], [ 19.013419760400303, 47.483175741894783 ], [ 19.006222770176528, 47.482210162322893 ] ] ] } },
{ "type": "Feature", "properties": { "h3": "881e037861fffff" }, "geometry": { "type": "Polygon", "coordinates": [ [ [ 18.972664240250502, 47.481827221765229 ], [ 18.970241725447469, 47.477375501877269 ], [ 18.97501471423767, 47.473891517126852 ], [ 18.982210190627288, 47.474859077275219 ], [ 18.984633361209475, 47.479310718390778 ], [ 18.979860399702343, 47.482794878146464 ], [ 18.972664240250502, 47.481827221765229 ] ] ] } },
{ "type": "Feature", "properties": { "h3": "881e037abdfffff" }, "geometry": { "type": "Polygon", "coordinates": [ [ [ 19.078293247358744, 47.50423101100197 ], [ 19.075863550007472, 47.499782330586719 ], [ 19.080633934840886, 47.4962947151433 ], [ 19.087833986167059, 47.497255605092796 ], [ 19.090264337620557, 47.50170420560034 ], [ 19.085493983725513, 47.505191996082154 ], [ 19.078293247358744, 47.50423101100197 ] ] ] } },
{ "type": "Feature", "properties": { "h3": "881e037149fffff" }, "geometry": { "type": "Polygon", "coordinates": [ [ [ 19.038181251554736, 47.601919263222598 ], [ 19.035750938048334, 47.597475006318987 ], [ 19.04052888666908, 47.593993683561962 ], [ 19.047737119244854, 47.594956442520875 ], [ 19.050168089296719, 47.599400619702315 ], [ 19.045390170307357, 47.602882117663121 ], [ 19.038181251554736, 47.601919263222598 ] ] ] } },
{ "type": "Feature", "properties": { "h3": "881e03634bfffff" }, "geometry": { "type": "Polygon", "coordinates": [ [ [ 19.150412693807432, 47.526203180964615 ], [ 19.147977886699874, 47.521756936837328 ], [ 19.152746889571223, 47.518267156701285 ], [ 19.159950666187655, 47.51922344564008 ], [ 19.162386126357177, 47.52366960907208 ], [ 19.157617156928481, 47.527159564276538 ], [ 19.150412693807432, 47.526203180964615 ] ] ] } },
{ "type": "Feature", "properties": { "h3": "881e03613bfffff" }, "geometry": { "type": "Polygon", "coordinates": [ [ [ 19.19998140352212, 47.433779598938216 ], [ 19.197546476078355, 47.429329395744595 ], [ 19.202307892467672, 47.425833171859068 ], [ 19.209504201313024, 47.426786976272119 ], [ 19.211939779287125, 47.431237098471584 ], [ 19.207178397965539, 47.434733497268034 ], [ 19.19998140352212, 47.433779598938216 ] ] ] } },
{ "type": "Feature", "properties": { "h3": "881e03718dfffff" }, "geometry": { "type": "Polygon", "coordinates": [ [ [ 19.129092123311025, 47.560468772742233 ], [ 19.126657541038604, 47.556023949357858 ], [ 19.131429473370037, 47.552536693336208 ], [ 19.138635955317454, 47.55349408558704 ], [ 19.141071191650568, 47.557938828415708 ], [ 19.136299292055782, 47.561426259565238 ], [ 19.129092123311025, 47.560468772742233 ] ] ] } },
{ "type": "Feature", "properties": { "h3": "881e037ac9fffff" }, "geometry": { "type": "Polygon", "coordinates": [ [ [ 19.054604739607701, 47.546422424451031 ], [ 19.052175166984785, 47.541975538960621 ], [ 19.056949056740223, 47.538490919686453 ], [ 19.064152489043309, 47.539453010809133 ], [ 19.066582716946698, 47.543899816537781 ], [ 19.061808857346431, 47.547384610921576 ], [ 19.054604739607701, 47.546422424451031 ] ] ] } },
{ "type": "Feature", "properties": { "h3": "881e036343fffff" }, "geometry": { "type": "Polygon", "coordinates": [ [ [ 19.152746889571223, 47.518267156701285 ], [ 19.150312189806126, 47.513820537486993 ], [ 19.155080613695379, 47.510330287896657 ], [ 19.162283703913637, 47.511286482481594 ], [ 19.164719056560674, 47.515733020994759 ], [ 19.159950666187655, 47.51922344564008 ], [ 19.152746889571223, 47.518267156701285 ] ] ] } },
{ "type": "Feature", "properties": { "h3": "881e037155fffff" }, "geometry": { "type": "Polygon", "coordinates": [ [ [ 19.064499465202456, 47.588953890530611 ], [ 19.062067945039644, 47.584509417403183 ], [ 19.066844093372548, 47.581026330835336 ], [ 19.074051731418116, 47.581987542230358 ], [ 19.07648390739103, 47.586431935396519 ], [ 19.071707789588331, 47.589915197145018 ], [ 19.064499465202456, 47.588953890530611 ] ] ] } },
{ "type": "Feature", "properties": { "h3": "881e03799dfffff" }, "geometry": { "type": "Polygon", "coordinates": [ [ [ 19.044220368676907, 47.429529898768976 ], [ 19.041795104598176, 47.425076704337052 ], [ 19.046562170889807, 47.421587146634472 ], [ 19.053754471632963, 47.422550608460433 ], [ 19.056180389214951, 47.427003723503475 ], [ 19.051413352630036, 47.430493456125483 ], [ 19.044220368676907, 47.429529898768976 ] ] ] } },
{ "type": "Feature", "properties": { "h3": "881e036043fffff" }, "geometry": { "type": "Polygon", "coordinates": [ [ [ 19.236539996483259, 47.500499450972491 ], [ 19.23410073238448, 47.496053399111759 ], [ 19.238864861498602, 47.492558641662185 ], [ 19.246068218403508, 47.493509761075245 ], [ 19.248508133436374, 47.497955731420021 ], [ 19.243744040710595, 47.501450663883581 ], [ 19.236539996483259, 47.500499450972491 ] ] ] } },
{ "type": "Feature", "properties": { "h3": "881e03600bfffff" }, "geometry": { "type": "Polygon", "coordinates": [ [ [ 19.250831732529374, 47.490014360182528 ], [ 19.248391926291546, 47.485568014893126 ], [ 19.253154861938363, 47.482072145686153 ], [ 19.260357567032518, 47.483022446790201 ], [ 19.2627980237461, 47.487468710441469 ], [ 19.258035124970114, 47.490964754642697 ], [ 19.250831732529374, 47.490014360182528 ] ] ] } },
{ "type": "Feature", "properties": { "h3": "881e03715bfffff" }, "geometry": { "type": "Polygon", "coordinates": [ [ [ 19.083782172334786, 47.59976345156015 ], [ 19.08134912780644, 47.595319890113885 ], [ 19.086125214741635, 47.591836453176064 ], [ 19.093334315080469, 47.592796402502643 ], [ 19.0957680152253, 47.597239883765482 ], [ 19.090991959494978, 47.600723495901235 ], [ 19.083782172334786, 47.59976345156015 ] ] ] } },
{ "type": "Feature", "properties": { "h3": "881e037127fffff" }, "geometry": { "type": "Polygon", "coordinates": [ [ [ 19.042626198699008, 47.548943661199523 ], [ 19.040197281633326, 47.544496696064265 ], [ 19.044971780608222, 47.541012722493946 ], [ 19.052175166984785, 47.541975538960621 ], [ 19.054604739607701, 47.546422424451031 ], [ 19.049830270376706, 47.549906573135686 ], [ 19.042626198699008, 47.548943661199523 ] ] ] } },
{ "type": "Feature", "properties": { "h3": "881e037a27fffff" }, "geometry": { "type": "Polygon", "coordinates": [ [ [ 18.975231771149421, 47.511047355394155 ], [ 18.972808182226679, 47.506597211760685 ], [ 18.977582879998103, 47.503114463746272 ], [ 18.984781139379539, 47.504081684328483 ], [ 18.987205384527773, 47.508531749095923 ], [ 18.982430714148609, 47.512014672163318 ], [ 18.975231771149421, 47.511047355394155 ] ] ] } },
{ "type": "Feature", "properties": { "h3": "881e0344bbfffff" }, "geometry": { "type": "Polygon", "coordinates": [ [ [ 18.99963622999887, 47.580281781163578 ], [ 18.99720896582096, 47.575835703832865 ], [ 19.001987029598144, 47.572355081801703 ], [ 19.009192329349066, 47.573320361949349 ], [ 19.011620250455913, 47.577766360003068 ], [ 19.006842214962763, 47.581247157202235 ], [ 18.99963622999887, 47.580281781163578 ] ] ] } },
{ "type": "Feature", "properties": { "h3": "881e036855fffff" }, "geometry": { "type": "Polygon", "coordinates": [ [ [ 19.1299703955839, 47.366662892092798 ], [ 19.127541853811419, 47.362207935656464 ], [ 19.132301808088535, 47.358711707031603 ], [ 19.139490271614996, 47.359670260045554 ], [ 19.141919464160861, 47.364125136353096 ], [ 19.13715954248644, 47.367621539791422 ], [ 19.1299703955839, 47.366662892092798 ] ] ] } },
{ "type": "Feature", "properties": { "h3": "881e036349fffff" }, "geometry": { "type": "Polygon", "coordinates": [ [ [ 19.138438689639212, 47.528735382882068 ], [ 19.136004535871383, 47.524289058176016 ], [ 19.140774150877636, 47.52079992268262 ], [ 19.147977886699874, 47.521756936837328 ], [ 19.150412693807432, 47.526203180964615 ], [ 19.145643111833149, 47.529692491531939 ], [ 19.138438689639212, 47.528735382882068 ] ] ] } },
{ "type": "Feature", "properties": { "h3": "881e037ac1fffff" }, "geometry": { "type": "Polygon", "coordinates": [ [ [ 19.056949056740223, 47.538490919686453 ], [ 19.054519590017666, 47.534043659062711 ], [ 19.059292900418232, 47.530558569313094 ], [ 19.066495647391498, 47.531520565106966 ], [ 19.068925769214118, 47.535967745963227 ], [ 19.064152489043309, 47.539453010809133 ], [ 19.056949056740223, 47.538490919686453 ] ] ] } },
{ "type": "Feature", "properties": { "h3": "881e037843fffff" }, "geometry": { "type": "Polygon", "coordinates": [ [ [ 19.001527024382305, 47.498080747212541 ], [ 18.999102228207008, 47.493630386926377 ], [ 19.003875134142575, 47.49014587713382 ], [ 19.011072808044204, 47.49111155261199 ], [ 19.013498259713749, 47.495561833791832 ], [ 19.008725382066995, 47.499046518615891 ], [ 19.001527024382305, 47.498080747212541 ] ] ] } },
{ "type": "Feature", "properties": { "h3": "881e0378e7fffff" }, "geometry": { "type": "Polygon", "coordinates": [ [ [ 19.058778006331366, 47.456243276178128 ], [ 19.056351012558626, 47.451791736063285 ], [ 19.061119174983666, 47.448302767111443 ], [ 19.068314301032853, 47.449265163329009 ], [ 19.070741948476716, 47.453716623845182 ], [ 19.065973816279929, 47.457205767758495 ], [ 19.058778006331366, 47.456243276178128 ] ] ] } },
{ "type": "Feature", "properties": { "h3": "881e03716bfffff" }, "geometry": { "type": "Polygon", "coordinates": [ [ [ 19.033239131538267, 47.580658954426916 ], [ 19.030809791743359, 47.576213490796256 ], [ 19.035586609528561, 47.572731400776462 ], [ 19.042792737744236, 47.573694599235509 ], [ 19.045222733819038, 47.578139983244029 ], [ 19.040445945478201, 47.581622248431742 ], [ 19.033239131538267, 47.580658954426916 ] ] ] } },
{ "type": "Feature", "properties": { "h3": "881e037137fffff" }, "geometry": { "type": "Polygon", "coordinates": [ [ [ 19.076217869257874, 47.549307628191265 ], [ 19.073786880104457, 47.544861277557999 ], [ 19.078560129708929, 47.541375837607276 ], [ 19.085764337643781, 47.542336573192621 ], [ 19.08819598170426, 47.546782843836262 ], [ 19.083422763002819, 47.550268458900256 ], [ 19.076217869257874, 47.549307628191265 ] ] ] } },
{ "type": "Feature", "properties": { "h3": "881e037863fffff" }, "geometry": { "type": "Polygon", "coordinates": [ [ [ 18.984633361209475, 47.479310718390778 ], [ 18.982210190627288, 47.474859077275219 ], [ 18.9869825736202, 47.471374447167939 ], [ 18.994178099581408, 47.47234128319112 ], [ 18.996601925667697, 47.476792845416981 ], [ 18.991829570368157, 47.48027765052543 ], [ 18.984633361209475, 47.479310718390778 ] ] ] } },
{ "type": "Feature", "properties": { "h3": "881e0371c1fffff" }, "geometry": { "type": "Polygon", "coordinates": [ [ [ 19.124416005426298, 47.576330394182847 ], [ 19.121981208988782, 47.571886322028341 ], [ 19.126754300708285, 47.568400006427339 ], [ 19.133962156356823, 47.569357587841779 ], [ 19.136397607215876, 47.57380157945191 ], [ 19.131624548085068, 47.577288070207992 ], [ 19.124416005426298, 47.576330394182847 ] ] ] } },
{ "type": "Feature", "properties": { "h3": "881e037823fffff" }, "geometry": { "type": "Polygon", "coordinates": [ [ [ 19.001297353610479, 47.460918326064849 ], [ 18.998873737146276, 47.45646601568356 ], [ 19.003644357399065, 47.452979800246474 ], [ 19.010838565941874, 47.453945720235538 ], [ 19.013262837274766, 47.458397951597846 ], [ 19.008492245275626, 47.46188434200613 ], [ 19.001297353610479, 47.460918326064849 ] ] ] } },
{ "type": "Feature", "properties": { "h3": "881e0361c5fffff" }, "geometry": { "type": "Polygon", "coordinates": [ [ [ 19.231207997540807, 47.44204169556312 ], [ 19.228770902588423, 47.437592483998031 ], [ 19.233531634986971, 47.434095267464329 ], [ 19.240729426268338, 47.43504708759221 ], [ 19.243167171276191, 47.439496217825912 ], [ 19.238406475027393, 47.442993609278993 ], [ 19.231207997540807, 47.44204169556312 ] ] ] } },
{ "type": "Feature", "properties": { "h3": "881e036025fffff" }, "geometry": { "type": "Polygon", "coordinates": [ [ [ 19.214597034728257, 47.460475012153211 ], [ 19.21216037377333, 47.456026468066042 ], [ 19.21692287546405, 47.452530830510995 ], [ 19.224122002594708, 47.453483562107095 ], [ 19.226559314241758, 47.457932024991486 ], [ 19.221796848146212, 47.461427837498441 ], [ 19.214597034728257, 47.460475012153211 ] ] ] } },
{ "type": "Feature", "properties": { "h3": "881e036033fffff" }, "geometry": { "type": "Polygon", "coordinates": [ [ [ 19.269762206812359, 47.46363785379593 ], [ 19.267322077105437, 47.459190465902367 ], [ 19.272082662884266, 47.45569254964866 ], [ 19.279283340952972, 47.456641846356781 ], [ 19.281724120318749, 47.46108915247801 ], [ 19.276963572037303, 47.464587243679311 ], [ 19.269762206812359, 47.46363785379593 ] ] ] } },
{ "type": "Feature", "properties": { "h3": "881e0360e9fffff" }, "geometry": { "type": "Polygon", "coordinates": [ [ [ 19.289048194561701, 47.474429408419951 ], [ 19.28660654708052, 47.469982933562392 ], [ 19.291367057527253, 47.466484667406547 ], [ 19.298569177363483, 47.467432701162643 ], [ 19.301011474304101, 47.471879094027578 ], [ 19.296251002029486, 47.475377535144887 ], [ 19.289048194561701, 47.474429408419951 ] ] ] } },
{ "type": "Feature", "properties": { "h3": "881e036235fffff" }, "geometry": { "type": "Polygon", "coordinates": [ [ [ 19.231888856177587, 47.516378538572532 ], [ 19.229449374889757, 47.511933236899068 ], [ 19.234214661421245, 47.508439416679316 ], [ 19.241419393077972, 47.509390723107863 ], [ 19.243859525659243, 47.513835943277137 ], [ 19.239094275370746, 47.517329938537955 ], [ 19.231888856177587, 47.516378538572532 ] ] ] } },
{ "type": "Feature", "properties": { "h3": "881e0379b1fffff" }, "geometry": { "type": "Polygon", "coordinates": [ [ [ 19.039287559115348, 47.408225616093816 ], [ 19.036863264576191, 47.403771221778179 ], [ 19.041629205284984, 47.400280900772941 ], [ 19.048819411091568, 47.401244799213579 ], [ 19.051244358870335, 47.405699114239006 ], [ 19.046478447682322, 47.409189610130035 ], [ 19.039287559115348, 47.408225616093816 ] ] ] } },
{ "type": "Feature", "properties": { "h3": "881e03635bfffff" }, "geometry": { "type": "Polygon", "coordinates": [ [ [ 19.184000402662633, 47.526535226568583 ], [ 19.181563529334895, 47.52208960004139 ], [ 19.186331272582485, 47.518598355963078 ], [ 19.193535854636906, 47.519552563362929 ], [ 19.195973380372354, 47.52399810885121 ], [ 19.191205671725893, 47.527489527994483 ], [ 19.184000402662633, 47.526535226568583 ] ] ] } },
{ "type": "Feature", "properties": { "h3": "881e0344b7fffff" }, "geometry": { "type": "Polygon", "coordinates": [ [ [ 18.992355304674401, 47.566942719108681 ], [ 18.98992890761992, 47.562495811820284 ], [ 18.994706419520391, 47.559014893608875 ], [ 19.001910300532128, 47.559980707556328 ], [ 19.004337354430096, 47.564427535673424 ], [ 18.999559870552606, 47.567908629030462 ], [ 18.992355304674401, 47.566942719108681 ] ] ] } },
{ "type": "Feature", "properties": { "h3": "881e03601dfffff" }, "geometry": { "type": "Polygon", "coordinates": [ [ [ 19.2627980237461, 47.487468710441469 ], [ 19.260357567032518, 47.483022446790201 ], [ 19.265119887377917, 47.479525934403206 ], [ 19.272322627236633, 47.480475510695385 ], [ 19.274763734147079, 47.484921692592295 ], [ 19.270001451082354, 47.488418379967243 ], [ 19.2627980237461, 47.487468710441469 ] ] ] } },
{ "type": "Feature", "properties": { "h3": "881e037803fffff" }, "geometry": { "type": "Polygon", "coordinates": [ [ [ 19.018191480688245, 47.479690116559688 ], [ 19.015766239270786, 47.475239086674307 ], [ 19.02053738105981, 47.471752991255435 ], [ 19.027733735496781, 47.472717750736862 ], [ 19.030159631772499, 47.477168701386887 ], [ 19.025388518832582, 47.480654971806906 ], [ 19.018191480688245, 47.479690116559688 ] ] ] } },
{ "type": "Feature", "properties": { "h3": "881e037ab5fffff" }, "geometry": { "type": "Polygon", "coordinates": [ [ [ 19.080633934840886, 47.4962947151433 ], [ 19.078204343644451, 47.491845660076564 ], [ 19.082974149772177, 47.488357574856863 ], [ 19.090173516163556, 47.489318369694708 ], [ 19.092603761282142, 47.493767344847846 ], [ 19.087833986167059, 47.497255605092796 ], [ 19.080633934840886, 47.4962947151433 ] ] ] } },
{ "type": "Feature", "properties": { "h3": "881e036347fffff" }, "geometry": { "type": "Polygon", "coordinates": [ [ [ 19.143109140249219, 47.512863617808193 ], [ 19.140675200820628, 47.508416543011698 ], [ 19.145443657889228, 47.504926468468476 ], [ 19.152646021287151, 47.505883293690594 ], [ 19.155080613695379, 47.510330287896657 ], [ 19.150312189806126, 47.513820537486993 ], [ 19.143109140249219, 47.512863617808193 ] ] ] } },
{ "type": "Feature", "properties": { "h3": "881e0362adfffff" }, "geometry": { "type": "Polygon", "coordinates": [ [ [ 19.279768052701353, 47.506199943920038 ], [ 19.277325967913725, 47.501754968960505 ], [ 19.282088791935465, 47.498258574749258 ], [ 19.289293662941652, 47.499206980497704 ], [ 19.291736397906298, 47.503651873488394 ], [ 19.286973611768261, 47.507148442715334 ], [ 19.279768052701353, 47.506199943920038 ] ] ] } },
{ "type": "Feature", "properties": { "h3": "881e03608dfffff" }, "geometry": { "type": "Polygon", "coordinates": [ [ [ 19.312974170146177, 47.469327412240496 ], [ 19.310531224025315, 47.464881101484302 ], [ 19.31529050144049, 47.461381550171282 ], [ 19.322492686066006, 47.46232813468216 ], [ 19.32493628108778, 47.466774363213567 ], [ 19.320177042663616, 47.470274089474707 ], [ 19.312974170146177, 47.469327412240496 ] ] ] } },
{ "type": "Feature", "properties": { "h3": "881e0378a5fffff" }, "geometry": { "type": "Polygon", "coordinates": [ [ [ 19.063459871353441, 47.440361414688788 ], [ 19.061033089032513, 47.43590912667068 ], [ 19.065800095575725, 47.432419219121144 ], [ 19.072993854142574, 47.433381424670053 ], [ 19.075421289775036, 47.437833633077311 ], [ 19.070654313608703, 47.441323715562518 ], [ 19.063459871353441, 47.440361414688788 ] ] ] } },
{ "type": "Feature", "properties": { "h3": "881e036131fffff" }, "geometry": { "type": "Polygon", "coordinates": [ [ [ 19.190350205292347, 47.428374867494512 ], [ 19.187916036335725, 47.423924209394734 ], [ 19.192677487456628, 47.420428160412882 ], [ 19.199873072882554, 47.421382594643028 ], [ 19.202307892467672, 47.425833171859068 ], [ 19.197546476078355, 47.429329395744595 ], [ 19.190350205292347, 47.428374867494512 ] ] ] } },
{ "type": "Feature", "properties": { "h3": "881e036063fffff" }, "geometry": { "type": "Polygon", "coordinates": [ [ [ 19.219582766256586, 47.481761199043845 ], [ 19.217145129672488, 47.477313859899439 ], [ 19.221908752169483, 47.473818983986327 ], [ 19.229109975544276, 47.474771272247615 ], [ 19.231548263080779, 47.479218530090861 ], [ 19.226784676370315, 47.482713580989873 ], [ 19.219582766256586, 47.481761199043845 ] ] ] } },
{ "type": "Feature", "properties": { "h3": "881e03630dfffff" }, "geometry": { "type": "Polygon", "coordinates": [ [ [ 19.145443657889228, 47.504926468468476 ], [ 19.143009825651955, 47.50047901876966 ], [ 19.14777770393286, 47.496988474873312 ], [ 19.15497938127816, 47.49794520565802 ], [ 19.1574138663151, 47.50239257476052 ], [ 19.152646021287151, 47.505883293690594 ], [ 19.145443657889228, 47.504926468468476 ] ] ] } },
{ "type": "Feature", "properties": { "h3": "881e036205fffff" }, "geometry": { "type": "Polygon", "coordinates": [ [ [ 19.215262053287979, 47.534794350912797 ], [ 19.212823006798978, 47.530349718431346 ], [ 19.217590066050555, 47.526857479990788 ], [ 19.224796136184725, 47.527809698973257 ], [ 19.227235834605633, 47.532254250078424 ], [ 19.222468811040855, 47.535746663593322 ], [ 19.215262053287979, 47.534794350912797 ] ] ] } },
{ "type": "Feature", "properties": { "h3": "881e0360c1fffff" }, "geometry": { "type": "Polygon", "coordinates": [ [ [ 19.308340102197018, 47.485216609042368 ], [ 19.305896936678284, 47.480771048020188 ], [ 19.310657370443209, 47.477272431934495 ], [ 19.31786093095997, 47.478219201911593 ], [ 19.320304745738071, 47.482664680720973 ], [ 19.315544350820552, 47.486163471781879 ], [ 19.308340102197018, 47.485216609042368 ] ] ] } },
{ "type": "Feature", "properties": { "h3": "881e037133fffff" }, "geometry": { "type": "Polygon", "coordinates": [ [ [ 19.085854513475354, 47.554714354237909 ], [ 19.083422763002819, 47.550268458900256 ], [ 19.08819598170426, 47.546782843836262 ], [ 19.095400919718429, 47.547742949004309 ], [ 19.097833325001279, 47.552188764241343 ], [ 19.093060137539698, 47.555674554427014 ], [ 19.085854513475354, 47.554714354237909 ] ] ] } },
{ "type": "Feature", "properties": { "h3": "881e03789bfffff" }, "geometry": { "type": "Polygon", "coordinates": [ [ [ 19.133179688491403, 47.4702973789786 ], [ 19.130747697060066, 47.465847895298417 ], [ 19.135513905639947, 47.46235629399537 ], [ 19.142712072930266, 47.463314001410119 ], [ 19.145144716816745, 47.467763404697564 ], [ 19.140378541037705, 47.47125518097895 ], [ 19.133179688491403, 47.4702973789786 ] ] ] } },
{ "type": "Feature", "properties": { "h3": "881e0379c3fffff" }, "geometry": { "type": "Polygon", "coordinates": [ [ [ 19.017953849190853, 47.442518924641618 ], [ 19.015529787900597, 47.43806594551944 ], [ 19.020298645709875, 47.43457814585372 ], [ 19.027491536075754, 47.435543150385037 ], [ 19.029916251599612, 47.439996050358864 ], [ 19.025147422603471, 47.443484024965784 ], [ 19.017953849190853, 47.442518924641618 ] ] ] } },
{ "type": "Feature", "properties": { "h3": "881e037837fffff" }, "geometry": { "type": "Polygon", "coordinates": [ [ [ 19.025227762248434, 47.455876208321953 ], [ 19.022802836322047, 47.451424056095853 ], [ 19.027572243336074, 47.447936551113749 ], [ 19.034766547282619, 47.448901023411352 ], [ 19.037192127527124, 47.453353096384042 ], [ 19.032422749586509, 47.456840776328583 ], [ 19.025227762248434, 47.455876208321953 ] ] ] } },
{ "type": "Feature", "properties": { "h3": "881e0371b5fffff" }, "geometry": { "type": "Polygon", "coordinates": [ [ [ 19.148078026268799, 47.534138360477087 ], [ 19.145643111833149, 47.529692491531939 ], [ 19.150412693807432, 47.526203180964615 ], [ 19.157617156928481, 47.527159564276538 ], [ 19.160052724606167, 47.531605352532189 ], [ 19.155283176000932, 47.535094838181408 ], [ 19.148078026268799, 47.534138360477087 ] ] ] } },
{ "type": "Feature", "properties": { "h3": "881e0379abfffff" }, "geometry": { "type": "Polygon", "coordinates": [ [ [ 19.015372279925295, 47.413274518161082 ], [ 19.012949292690276, 47.408819965616757 ], [ 19.017716446093427, 47.405330932623094 ], [ 19.024906558108384, 47.406296277295077 ], [ 19.027330199132912, 47.410750750783698 ], [ 19.022563074432348, 47.414239958672077 ], [ 19.015372279925295, 47.413274518161082 ] ] ] } },
{ "type": "Feature", "properties": { "h3": "881e036007fffff" }, "geometry": { "type": "Polygon", "coordinates": [ [ [ 19.243513181928499, 47.476674493072473 ], [ 19.241074243717982, 47.47222731664673 ], [ 19.245836637612655, 47.468731154214147 ], [ 19.253037933192129, 47.469681993249559 ], [ 19.255477521798152, 47.474129088141481 ], [ 19.250715164509497, 47.477625425547686 ], [ 19.243513181928499, 47.476674493072473 ] ] ] } },
{ "type": "Feature", "properties": { "h3": "881e037b19fffff" }, "geometry": { "type": "Polygon", "coordinates": [ [ [ 18.953636510696096, 47.50814269889851 ], [ 18.951214339251187, 47.50369202335937 ], [ 18.955989669645536, 47.500210096259025 ], [ 18.963187144918145, 47.501178669665912 ], [ 18.965609972958379, 47.505629266567752 ], [ 18.960834669210154, 47.509111368716127 ], [ 18.953636510696096, 47.50814269889851 ] ] ] } },
{ "type": "Feature", "properties": { "h3": "881e037993fffff" }, "geometry": { "type": "Polygon", "coordinates": [ [ [ 19.068139847785609, 47.424476180619692 ], [ 19.065713276975785, 47.420023145082652 ], [ 19.070479128118041, 47.416532299395747 ], [ 19.077671519624364, 47.417494314351927 ], [ 19.080098743386422, 47.421947270265861 ], [ 19.075332922769469, 47.425438290862743 ], [ 19.068139847785609, 47.424476180619692 ] ] ] } },
{ "type": "Feature", "properties": { "h3": "881e037ad9fffff" }, "geometry": { "type": "Polygon", "coordinates": [ [ [ 19.08819598170426, 47.546782843836262 ], [ 19.085764337643781, 47.542336573192621 ], [ 19.090536976887513, 47.538850487807331 ], [ 19.097741228957599, 47.539810497973477 ], [ 19.100173527647986, 47.544256688510764 ], [ 19.095400919718429, 47.547742949004309 ], [ 19.08819598170426, 47.546782843836262 ] ] ] } },
{ "type": "Feature", "properties": { "h3": "881e037a83fffff" }, "geometry": { "type": "Polygon", "coordinates": [ [ [ 19.085584072782783, 47.517575393383133 ], [ 19.083153508703599, 47.513127542452921 ], [ 19.087924441499204, 47.509640221848706 ], [ 19.09512590725349, 47.510600577130788 ], [ 19.097557125518449, 47.515048348048197 ], [ 19.09278622392327, 47.51853584371235 ], [ 19.085584072782783, 47.517575393383133 ] ] ] } },
{ "type": "Feature", "properties": { "h3": "881e0379c9fffff" }, "geometry": { "type": "Polygon", "coordinates": [ [ [ 19.003644357399065, 47.452979800246474 ], [ 19.00122084576865, 47.448527115931235 ], [ 19.005990887912898, 47.445040430614 ], [ 19.013184413438452, 47.446006254669719 ], [ 19.015608579757533, 47.450458859959951 ], [ 19.010838565941874, 47.453945720235538 ], [ 19.003644357399065, 47.452979800246474 ] ] ] } },
{ "type": "Feature", "properties": { "h3": "881e0371a7fffff" }, "geometry": { "type": "Polygon", "coordinates": [ [ [ 19.126464114857605, 47.531266214674453 ], [ 19.124030614707181, 47.52681980950625 ], [ 19.128800841484615, 47.523331318788685 ], [ 19.136004535871383, 47.524289058176016 ], [ 19.138438689639212, 47.528735382882068 ], [ 19.133668495482972, 47.53222404867892 ], [ 19.126464114857605, 47.531266214674453 ] ] ] } },
{ "type": "Feature", "properties": { "h3": "881e036ac3fffff" }, "geometry": { "type": "Polygon", "coordinates": [ [ [ 19.185376169549976, 47.407074235849002 ], [ 19.18294297408443, 47.402622375455437 ], [ 19.187703304892544, 47.399125565567239 ], [ 19.194896796704651, 47.400080441218194 ], [ 19.197330642538326, 47.404532220826063 ], [ 19.192570346271648, 47.408029205584597 ], [ 19.185376169549976, 47.407074235849002 ] ] ] } },
{ "type": "Feature", "properties": { "h3": "881e036035fffff" }, "geometry": { "type": "Polygon", "coordinates": [ [ [ 19.248159623789228, 47.460786972594548 ], [ 19.245720902907191, 47.456339046937082 ], [ 19.250482140592904, 47.452841948424584 ], [ 19.257682062490066, 47.453792600638543 ], [ 19.26012143340893, 47.458240444750167 ], [ 19.255360232474086, 47.461737718209534 ], [ 19.248159623789228, 47.460786972594548 ] ] ] } },
{ "type": "Feature", "properties": { "h3": "881e0378abfffff" }, "geometry": { "type": "Polygon", "coordinates": [ [ [ 19.082705327000273, 47.451188603191497 ], [ 19.080277026161205, 47.446737222391008 ], [ 19.085043971615359, 47.443246964962057 ], [ 19.092239186940613, 47.44420791339779 ], [ 19.094668140898769, 47.448659214365605 ], [ 19.089901226492277, 47.452149646746356 ], [ 19.082705327000273, 47.451188603191497 ] ] ] } },
{ "type": "Feature", "properties": { "h3": "881e03702dfffff" }, "geometry": { "type": "Polygon", "coordinates": [ [ [ 19.0957680152253, 47.597239883765482 ], [ 19.093334315080469, 47.592796402502643 ], [ 19.098109790599672, 47.589312319503428 ], [ 19.105318934727055, 47.590271542590251 ], [ 19.107753290210589, 47.594714943553036 ], [ 19.102977846308224, 47.598199201745089 ], [ 19.0957680152253, 47.597239883765482 ] ] ] } },
{ "type": "Feature", "properties": { "h3": "881e036a55fffff" }, "geometry": { "type": "Polygon", "coordinates": [ [ [ 19.113637335853227, 47.422297630089965 ], [ 19.11120804840818, 47.417845287434297 ], [ 19.115972042349853, 47.41435233587211 ], [ 19.123165291728203, 47.41531155207862 ], [ 19.125595231201203, 47.419763814649379 ], [ 19.12083126934759, 47.423256941114495 ], [ 19.113637335853227, 47.422297630089965 ] ] ] } },
{ "type": "Feature", "properties": { "h3": "881e034591fffff" }, "geometry": { "type": "Polygon", "coordinates": [ [ [ 18.939507582213274, 47.555720552446878 ], [ 18.937084785793171, 47.551272125487557 ], [ 18.941863591780823, 47.547793025792281 ], [ 18.949065168076473, 47.548762177946095 ], [ 18.951488622176161, 47.553210526302855 ], [ 18.94670984238018, 47.556689801124513 ], [ 18.939507582213274, 47.555720552446878 ] ] ] } },
{ "type": "Feature", "properties": { "h3": "881e0371e5fffff" }, "geometry": { "type": "Polygon", "coordinates": [ [ [ 19.097833325001279, 47.552188764241343 ], [ 19.095400919718429, 47.547742949004309 ], [ 19.100173527647986, 47.544256688510764 ], [ 19.107378509289394, 47.545216068153657 ], [ 19.109811569105219, 47.549661803173372 ], [ 19.105038992826746, 47.553148238783521 ], [ 19.097833325001279, 47.552188764241343 ] ] ] } },
{ "type": "Feature", "properties": { "h3": "881e036ae5fffff" }, "geometry": { "type": "Polygon", "coordinates": [ [ [ 19.146878468544642, 47.385437899285982 ], [ 19.144448304765994, 47.38098422279846 ], [ 19.149208770384071, 47.377488112318474 ], [ 19.156399366661063, 47.37844550350097 ], [ 19.158830181198084, 47.382899099644852 ], [ 19.154069748779413, 47.38639538496583 ], [ 19.146878468544642, 47.385437899285982 ] ] ] } },
{ "type": "Feature", "properties": { "h3": "881e037111fffff" }, "geometry": { "type": "Polygon", "coordinates": [ [ [ 19.090809878793262, 47.575979916380156 ], [ 19.088377153821266, 47.571535227612728 ], [ 19.093151500709524, 47.568050378384747 ], [ 19.100358541221667, 47.569010042783091 ], [ 19.102791921268111, 47.573454651350254 ], [ 19.09801760580806, 47.576939675735353 ], [ 19.090809878793262, 47.575979916380156 ] ] ] } },
{ "type": "Feature", "properties": { "h3": "881e037a15fffff" }, "geometry": { "type": "Polygon", "coordinates": [ [ [ 19.013733908802084, 47.532708887665798 ], [ 19.011307275646185, 47.528260559113477 ], [ 19.016081861835033, 47.524777110834087 ], [ 19.023283052524352, 47.525741816034859 ], [ 19.025710341524917, 47.53019006527591 ], [ 19.020935784071238, 47.53367368864356 ], [ 19.013733908802084, 47.532708887665798 ] ] ] } },
{ "type": "Feature", "properties": { "h3": "881e036067fffff" }, "geometry": { "type": "Polygon", "coordinates": [ [ [ 19.209943943359924, 47.476360846997999 ], [ 19.207507066125213, 47.471913051987109 ], [ 19.212270724071793, 47.468418351052513 ], [ 19.219471223883716, 47.469371270166185 ], [ 19.221908752169483, 47.473818983986327 ], [ 19.217145129672488, 47.477313859899439 ], [ 19.209943943359924, 47.476360846997999 ] ] ] } },
{ "type": "Feature", "properties": { "h3": "881e037187fffff" }, "geometry": { "type": "Polygon", "coordinates": [ [ [ 19.143407275325718, 47.550006184411806 ], [ 19.140972146277313, 47.545561066116058 ], [ 19.14574288682001, 47.542072695029233 ], [ 19.152948723269695, 47.543029267145215 ], [ 19.155384505920534, 47.547474304763 ], [ 19.150613798599469, 47.550962850958726 ], [ 19.143407275325718, 47.550006184411806 ] ] ] } },
{ "type": "Feature", "properties": { "h3": "881e037881fffff" }, "geometry": { "type": "Polygon", "coordinates": [ [ [ 19.089991960613435, 47.464541089532155 ], [ 19.087562794183668, 47.460090536814995 ], [ 19.092330286693578, 47.456600573636784 ], [ 19.099526914403754, 47.457560988218901 ], [ 19.101956734035895, 47.462011460998554 ], [ 19.097189272835251, 47.465501599149611 ], [ 19.089991960613435, 47.464541089532155 ] ] ] } },
{ "type": "Feature", "properties": { "h3": "881e037153fffff" }, "geometry": { "type": "Polygon", "coordinates": [ [ [ 19.086125214741635, 47.591836453176064 ], [ 19.083692276717294, 47.587392515861595 ], [ 19.088467783515874, 47.583908608046677 ], [ 19.095676197139571, 47.584868462377983 ], [ 19.098109790599672, 47.589312319503428 ], [ 19.093334315080469, 47.592796402502643 ], [ 19.086125214741635, 47.591836453176064 ] ] ] } },
{ "type": "Feature", "properties": { "h3": "881e037815fffff" }, "geometry": { "type": "Polygon", "coordinates": [ [ [ 19.030159631772499, 47.477168701386887 ], [ 19.027733735496781, 47.472717750736862 ], [ 19.032504269983292, 47.469231010360645 ], [ 19.03970067156585, 47.470195045653838 ], [ 19.042127222424192, 47.474645916951395 ], [ 19.037356717196975, 47.47813283232427 ], [ 19.030159631772499, 47.477168701386887 ] ] ] } },
{ "type": "Feature", "properties": { "h3": "881e0361e1fffff" }, "geometry": { "type": "Polygon", "coordinates": [ [ [ 19.223897579494356, 47.428693231238334 ], [ 19.221461351267507, 47.424243190149582 ], [ 19.226221541894123, 47.420745680736772 ], [ 19.233417924941872, 47.421698037529509 ], [ 19.235854803143706, 47.426147997391062 ], [ 19.231094648402884, 47.429645681702944 ], [ 19.223897579494356, 47.428693231238334 ] ] ] } },
{ "type": "Feature", "properties": { "h3": "881e1cb6d9fffff" }, "geometry": { "type": "Polygon", "coordinates": [ [ [ 18.969884235991625, 47.41541458862762 ], [ 18.967463970866078, 47.410959347652337 ], [ 18.972232967721759, 47.407472422566123 ], [ 18.979422202641675, 47.408440563572341 ], [ 18.981843122475109, 47.412895725955259 ], [ 18.977074152759979, 47.416382825940396 ], [ 18.969884235991625, 47.41541458862762 ] ] ] } },
{ "type": "Feature", "properties": { "h3": "881e037a91fffff" }, "geometry": { "type": "Polygon", "coordinates": [ [ [ 19.107191299217551, 47.520455389191518 ], [ 19.10475932039262, 47.516008073323569 ], [ 19.10952961140201, 47.512519932740233 ], [ 19.116731849368684, 47.513478932977776 ], [ 19.119164482005488, 47.51792616860525 ], [ 19.114394222943716, 47.521414484251629 ], [ 19.107191299217551, 47.520455389191518 ] ] ] } },
{ "type": "Feature", "properties": { "h3": "881e03799bfffff" }, "geometry": { "type": "Polygon", "coordinates": [ [ [ 19.065800095575725, 47.432419219121144 ], [ 19.063373419002978, 47.427966557295491 ], [ 19.068139847785609, 47.424476180619692 ], [ 19.075332922769469, 47.425438290862743 ], [ 19.077760252474111, 47.429890873071436 ], [ 19.072993854142574, 47.433381424670053 ], [ 19.065800095575725, 47.432419219121144 ] ] ] } },
{ "type": "Feature", "properties": { "h3": "881e0379b9fffff" }, "geometry": { "type": "Polygon", "coordinates": [ [ [ 19.036945440797009, 47.416169488924375 ], [ 19.034521040989272, 47.411715468049771 ], [ 19.039287559115348, 47.408225616093816 ], [ 19.046478447682322, 47.409189610130035 ], [ 19.04890350090928, 47.413643551720646 ], [ 19.044137012229527, 47.417133578575061 ], [ 19.036945440797009, 47.416169488924375 ] ] ] } },
{ "type": "Feature", "properties": { "h3": "881e037183fffff" }, "geometry": { "type": "Polygon", "coordinates": [ [ [ 19.153049688715274, 47.555407513115135 ], [ 19.150613798599469, 47.550962850958726 ], [ 19.155384505920534, 47.547474304763 ], [ 19.162591069878605, 47.548430245622683 ], [ 19.165027613498975, 47.552874826990383 ], [ 19.160256939736964, 47.556363548303075 ], [ 19.153049688715274, 47.555407513115135 ] ] ] } },
{ "type": "Feature", "properties": { "h3": "881e03615dfffff" }, "geometry": { "type": "Polygon", "coordinates": [ [ [ 19.178706742850817, 47.46809576732295 ], [ 19.176272035639379, 47.463646980326331 ], [ 19.181036376004265, 47.4601532728054 ], [ 19.188235389294221, 47.461108177327581 ], [ 19.190670748031206, 47.465556883470903 ], [ 19.18590644203276, 47.469050765961285 ], [ 19.178706742850817, 47.46809576732295 ] ] ] } },
{ "type": "Feature", "properties": { "h3": "881e037abbfffff" }, "geometry": { "type": "Polygon", "coordinates": [ [ [ 19.099896229873909, 47.507112611602317 ], [ 19.097465118094568, 47.50266446585443 ], [ 19.102234861860858, 47.499176030576052 ], [ 19.109435685801273, 47.500135566019992 ], [ 19.111867451309326, 47.504583631632414 ], [ 19.107097739228195, 47.508072241952391 ], [ 19.099896229873909, 47.507112611602317 ] ] ] } },
{ "type": "Feature", "properties": { "h3": "881e0371d7fffff" }, "geometry": { "type": "Polygon", "coordinates": [ [ [ 19.160359096480796, 47.568739835720478 ], [ 19.157922337613115, 47.564296005548535 ], [ 19.162693590988166, 47.560807754120283 ], [ 19.169901569488207, 47.561763157741332 ], [ 19.17233898194268, 47.56620690701952 ], [ 19.167567762390622, 47.569695333586374 ], [ 19.160359096480796, 47.568739835720478 ] ] ] } },
{ "type": "Feature", "properties": { "h3": "881e036081fffff" }, "geometry": { "type": "Polygon", "coordinates": [ [ [ 19.32493628108778, 47.466774363213567 ], [ 19.322492686066006, 47.46232813468216 ], [ 19.327251346424941, 47.458827940993771 ], [ 19.334453562485841, 47.459773800911307 ], [ 19.336897806129034, 47.464219947101924 ], [ 19.332139185170448, 47.467720315731611 ], [ 19.32493628108778, 47.466774363213567 ] ] ] } },
{ "type": "Feature", "properties": { "h3": "881e0379a3fffff" }, "geometry": { "type": "Polygon", "coordinates": [ [ [ 19.017716446093427, 47.405330932623094 ], [ 19.015293563782706, 47.400876006721724 ], [ 19.0200601397977, 47.397386504538197 ], [ 19.027249569425564, 47.398351753389996 ], [ 19.02967310534617, 47.402806600229454 ], [ 19.024906558108384, 47.406296277295077 ], [ 19.017716446093427, 47.405330932623094 ] ] ] } },
{ "type": "Feature", "properties": { "h3": "881e0345b3fffff" }, "geometry": { "type": "Polygon", "coordinates": [ [ [ 18.934596380684301, 47.534445791586769 ], [ 18.932174554094487, 47.529996161407119 ], [ 18.93695222707737, 47.526516293878657 ], [ 18.944151700721683, 47.527485881455085 ], [ 18.946574184723765, 47.531935433132233 ], [ 18.941796537748772, 47.53541547575162 ], [ 18.934596380684301, 47.534445791586769 ] ] ] } },
{ "type": "Feature", "properties": { "h3": "881e036129fffff" }, "geometry": { "type": "Polygon", "coordinates": [ [ [ 19.154473705922605, 47.435991752874926 ], [ 19.152041490514549, 47.431540852823851 ], [ 19.156804776340955, 47.428046733156982 ], [ 19.164000244151111, 47.429003338636569 ], [ 19.166433111019057, 47.433454158153907 ], [ 19.161669858696872, 47.436948452741312 ], [ 19.154473705922605, 47.435991752874926 ] ] ] } },
{ "type": "Feature", "properties": { "h3": "881e037aabfffff" }, "geometry": { "type": "Polygon", "coordinates": [ [ [ 19.066321592080484, 47.506756446632565 ], [ 19.063892549108068, 47.50230768642647 ], [ 19.068663543295571, 47.498820715917176 ], [ 19.075863550007472, 47.499782330586719 ], [ 19.078293247358744, 47.50423101100197 ], [ 19.073522283699081, 47.507718156554567 ], [ 19.066321592080484, 47.506756446632565 ] ] ] } },
{ "type": "Feature", "properties": { "h3": "881e037a45fffff" }, "geometry": { "type": "Polygon", "coordinates": [ [ [ 18.963469107463471, 47.550699128178522 ], [ 18.9610449959596, 47.54625085854159 ], [ 18.96582258991225, 47.542770465712749 ], [ 18.973024268433647, 47.543738167418539 ], [ 18.975449037066234, 47.548186358218445 ], [ 18.970671470128334, 47.551666926165716 ], [ 18.963469107463471, 47.550699128178522 ] ] ] } },
{ "type": "Feature", "properties": { "h3": "881e0379e1fffff" }, "geometry": { "type": "Polygon", "coordinates": [ [ [ 18.989107608986206, 47.426259562120272 ], [ 18.986685825604699, 47.421805225282334 ], [ 18.991454767845063, 47.418317950389763 ], [ 18.998645465737134, 47.419284837435271 ], [ 19.001067903637356, 47.423739095458366 ], [ 18.996298989206103, 47.427226545266855 ], [ 18.989107608986206, 47.426259562120272 ] ] ] } },
{ "type": "Feature", "properties": { "h3": "881e0360c9fffff" }, "geometry": { "type": "Polygon", "coordinates": [ [ [ 19.306022365273062, 47.493159943353334 ], [ 19.303579090075772, 47.488714757341604 ], [ 19.308340102197018, 47.485216609042368 ], [ 19.315544350820552, 47.486163471781879 ], [ 19.317988275456496, 47.490608575586791 ], [ 19.313227302110821, 47.494106898874833 ], [ 19.306022365273062, 47.493159943353334 ] ] ] } },
{ "type": "Feature", "properties": { "h3": "881e037981fffff" }, "geometry": { "type": "Polygon", "coordinates": [ [ [ 19.022642969449812, 47.426636523807282 ], [ 19.020219118262414, 47.422182797309418 ], [ 19.024986820545813, 47.418694058713484 ], [ 19.032178345133552, 47.419658871715754 ], [ 19.03460285019499, 47.424112519052997 ], [ 19.02983517687408, 47.427601432564643 ], [ 19.022642969449812, 47.426636523807282 ] ] ] } },
{ "type": "Feature", "properties": { "h3": "881e037a39fffff" }, "geometry": { "type": "Polygon", "coordinates": [ [ [ 19.004106133045955, 47.527295128873654 ], [ 19.001680261053583, 47.52284634625002 ], [ 19.006454875641637, 47.519363073050123 ], [ 19.013655333902513, 47.52032840741046 ], [ 19.016081861835033, 47.524777110834087 ], [ 19.011307275646185, 47.528260559113477 ], [ 19.004106133045955, 47.527295128873654 ] ] ] } },
{ "type": "Feature", "properties": { "h3": "881e037181fffff" }, "geometry": { "type": "Polygon", "coordinates": [ [ [ 19.141071191650568, 47.557938828415708 ], [ 19.138635955317454, 47.55349408558704 ], [ 19.143407275325718, 47.550006184411806 ], [ 19.150613798599469, 47.550962850958726 ], [ 19.153049688715274, 47.555407513115135 ], [ 19.148278401854881, 47.558895589412856 ], [ 19.141071191650568, 47.557938828415708 ] ] ] } },
{ "type": "Feature", "properties": { "h3": "881e037a13fffff" }, "geometry": { "type": "Polygon", "coordinates": [ [ [ 19.035340314514915, 47.535601935965751 ], [ 19.032912264376513, 47.531154141107805 ], [ 19.037686213433005, 47.527669872027104 ], [ 19.044888183225339, 47.528633222727969 ], [ 19.04731688883647, 47.533080938046453 ], [ 19.042542969262339, 47.536565382219585 ], [ 19.035340314514915, 47.535601935965751 ] ] ] } },
{ "type": "Feature", "properties": { "h3": "881e1cb6d3fffff" }, "geometry": { "type": "Polygon", "coordinates": [ [ [ 18.984190594833525, 47.404952994013932 ], [ 18.98176977940032, 47.400497458351722 ], [ 18.986537594188775, 47.397009419335198 ], [ 18.993726196864841, 47.397976741114682 ], [ 18.99614766655186, 47.402432198060879 ], [ 18.991379879388226, 47.40592041195967 ], [ 18.984190594833525, 47.404952994013932 ] ] ] } },
{ "type": "Feature", "properties": { "h3": "881e03783dfffff" }, "geometry": { "type": "Polygon", "coordinates": [ [ [ 19.010916621607215, 47.466336199344624 ], [ 19.008492245275626, 47.46188434200613 ], [ 19.013262837274766, 47.458397951597846 ], [ 19.020457777096304, 47.459363243564411 ], [ 19.022882808201423, 47.46381502177271 ], [ 19.018112244790995, 47.467301587160719 ], [ 19.010916621607215, 47.466336199344624 ] ] ] } },
{ "type": "Feature", "properties": { "h3": "881e037139fffff" }, "geometry": { "type": "Polygon", "coordinates": [ [ [ 19.071531928402742, 47.565168671869046 ], [ 19.069100726801011, 47.560723071953987 ], [ 19.073875135534351, 47.557238573014786 ], [ 19.081080715195387, 47.558199498866543 ], [ 19.08351257206521, 47.562645018803401 ], [ 19.078738194085915, 47.566129692882733 ], [ 19.071531928402742, 47.565168671869046 ] ] ] } },
{ "type": "Feature", "properties": { "h3": "881e0371c3fffff" }, "geometry": { "type": "Polygon", "coordinates": [ [ [ 19.136397607215876, 47.57380157945191 ], [ 19.133962156356823, 47.569357587841779 ], [ 19.138734635659127, 47.565870626831988 ], [ 19.14594253290052, 47.566827482298649 ], [ 19.148378637903011, 47.571271393247926 ], [ 19.14360619160092, 47.574758529407397 ], [ 19.136397607215876, 47.57380157945191 ] ] ] } },
{ "type": "Feature", "properties": { "h3": "881e036263fffff" }, "geometry": { "type": "Polygon", "coordinates": [ [ [ 19.20328769457894, 47.537333081927613 ], [ 19.200849300300618, 47.532888368186185 ], [ 19.205616974008514, 47.529396773970241 ], [ 19.212823006798978, 47.530349718431346 ], [ 19.215262053287979, 47.534794350912797 ], [ 19.210494414856186, 47.538286120209065 ], [ 19.20328769457894, 47.537333081927613 ] ] ] } },
{ "type": "Feature", "properties": { "h3": "881e037991fffff" }, "geometry": { "type": "Polygon", "coordinates": [ [ [ 19.056180389214951, 47.427003723503475 ], [ 19.053754471632963, 47.422550608460433 ], [ 19.058520930531607, 47.41906040669938 ], [ 19.065713276975785, 47.420023145082652 ], [ 19.068139847785609, 47.424476180619692 ], [ 19.063373419002978, 47.427966557295491 ], [ 19.056180389214951, 47.427003723503475 ] ] ] } },
{ "type": "Feature", "properties": { "h3": "881e036357fffff" }, "geometry": { "type": "Polygon", "coordinates": [ [ [ 19.17669065084155, 47.513197515713394 ], [ 19.174254645590462, 47.508751058017893 ], [ 19.179021844214464, 47.505259519798393 ], [ 19.186225013832594, 47.506214264246609 ], [ 19.188661671409747, 47.510660641007959 ], [ 19.183894507122929, 47.514152354271182 ], [ 19.17669065084155, 47.513197515713394 ] ] ] } },
{ "type": "Feature", "properties": { "h3": "881e036a57fffff" }, "geometry": { "type": "Polygon", "coordinates": [ [ [ 19.125595231201203, 47.419763814649379 ], [ 19.123165291728203, 47.41531155207862 ], [ 19.127928676052722, 47.411817957127816 ], [ 19.135121967432902, 47.412776449866001 ], [ 19.137552558657561, 47.417228632234931 ], [ 19.132789206830132, 47.420722402083477 ], [ 19.125595231201203, 47.419763814649379 ] ] ] } },
{ "type": "Feature", "properties": { "h3": "881e03611bfffff" }, "geometry": { "type": "Polygon", "coordinates": [ [ [ 19.21692287546405, 47.452530830510995 ], [ 19.214486322670119, 47.448081912029437 ], [ 19.219248246413905, 47.444585806336917 ], [ 19.226446687363879, 47.445538444203216 ], [ 19.228883890670602, 47.449987281475934 ], [ 19.224122002594708, 47.453483562107095 ], [ 19.21692287546405, 47.452530830510995 ] ] ] } },
{ "type": "Feature", "properties": { "h3": "881e0379cbfffff" }, "geometry": { "type": "Polygon", "coordinates": [ [ [ 19.015608579757533, 47.450458859959951 ], [ 19.013184413438452, 47.446006254669719 ], [ 19.017953849190853, 47.442518924641618 ], [ 19.025147422603471, 47.443484024965784 ], [ 19.027572243336074, 47.447936551113749 ], [ 19.022802836322047, 47.451424056095853 ], [ 19.015608579757533, 47.450458859959951 ] ] ] } },
{ "type": "Feature", "properties": { "h3": "881e037899fffff" }, "geometry": { "type": "Polygon", "coordinates": [ [ [ 19.121214090872527, 47.472829984834235 ], [ 19.118782752173306, 47.468380420878077 ], [ 19.123549571422622, 47.464889463593998 ], [ 19.130747697060066, 47.465847895298417 ], [ 19.133179688491403, 47.4702973789786 ], [ 19.128412901633077, 47.473788511246305 ], [ 19.121214090872527, 47.472829984834235 ] ] ] } },
{ "type": "Feature", "properties": { "h3": "881e036aadfffff" }, "geometry": { "type": "Polygon", "coordinates": [ [ [ 19.161159222125232, 47.37494875041353 ], [ 19.15872851466472, 47.370494780987748 ], [ 19.163487793294543, 47.366997560249665 ], [ 19.170677745783689, 47.367954134130457 ], [ 19.173109103547208, 47.372408023089378 ], [ 19.168349858598287, 47.375905418650284 ], [ 19.161159222125232, 47.37494875041353 ] ] ] } },
{ "type": "Feature", "properties": { "h3": "881e037987fffff" }, "geometry": { "type": "Polygon", "coordinates": [ [ [ 19.024986820545813, 47.418694058713484 ], [ 19.022563074432348, 47.414239958672077 ], [ 19.027330199132912, 47.410750750783698 ], [ 19.034521040989272, 47.411715468049771 ], [ 19.036945440797009, 47.416169488924375 ], [ 19.032178345133552, 47.419658871715754 ], [ 19.024986820545813, 47.418694058713484 ] ] ] } },
{ "type": "Feature", "properties": { "h3": "881e03610dfffff" }, "geometry": { "type": "Polygon", "coordinates": [ [ [ 19.16177208423521, 47.449342795711118 ], [ 19.159339002740317, 47.444892724371506 ], [ 19.164102832885433, 47.44139889821782 ], [ 19.171299710838436, 47.442354968478512 ], [ 19.173733443875083, 47.446804959179907 ], [ 19.168969647496905, 47.450298960274772 ], [ 19.16177208423521, 47.449342795711118 ] ] ] } },
{ "type": "Feature", "properties": { "h3": "881e03612dfffff" }, "geometry": { "type": "Polygon", "coordinates": [ [ [ 19.144846063187405, 47.430583523559932 ], [ 19.142414606492224, 47.426132169134938 ], [ 19.147177925486972, 47.422638224381025 ], [ 19.154372668088421, 47.423595459155102 ], [ 19.156804776340955, 47.428046733156982 ], [ 19.152041490514549, 47.431540852823851 ], [ 19.144846063187405, 47.430583523559932 ] ] ] } },
{ "type": "Feature", "properties": { "h3": "881e1cb6d1fffff" }, "geometry": { "type": "Polygon", "coordinates": [ [ [ 18.972232967721759, 47.407472422566123 ], [ 18.969812806816648, 47.403016808305381 ], [ 18.974581226224167, 47.39952941363331 ], [ 18.98176977940032, 47.400497458351722 ], [ 18.984190594833525, 47.404952994013932 ], [ 18.979422202641675, 47.408440563572341 ], [ 18.972232967721759, 47.407472422566123 ] ] ] } },
{ "type": "Feature", "properties": { "h3": "881e037807fffff" }, "geometry": { "type": "Polygon", "coordinates": [ [ [ 19.008569932619579, 47.474273602989761 ], [ 19.006145451304373, 47.469822119770868 ], [ 19.010916621607215, 47.466336199344624 ], [ 19.018112244790995, 47.467301587160719 ], [ 19.02053738105981, 47.471752991255435 ], [ 19.015766239270786, 47.475239086674307 ], [ 19.008569932619579, 47.474273602989761 ] ] ] } },
{ "type": "Feature", "properties": { "h3": "881e036a15fffff" }, "geometry": { "type": "Polygon", "coordinates": [ [ [ 19.130261650155965, 47.403871257555458 ], [ 19.127831924018533, 47.39941824772 ], [ 19.132594153645613, 47.395923716144168 ], [ 19.13978607684572, 47.396882019547768 ], [ 19.142216454376154, 47.401334949168991 ], [ 19.137454257393184, 47.404829655616808 ], [ 19.130261650155965, 47.403871257555458 ] ] ] } },
{ "type": "Feature", "properties": { "h3": "881e036023fffff" }, "geometry": { "type": "Polygon", "coordinates": [ [ [ 19.236197235025841, 47.463332133028359 ], [ 19.233759164458959, 47.458884125941374 ], [ 19.238521016530267, 47.455387670364338 ], [ 19.245720902907191, 47.456339046937082 ], [ 19.248159623789228, 47.460786972594548 ], [ 19.243397808059409, 47.464283603124656 ], [ 19.236197235025841, 47.463332133028359 ] ] ] } },
{ "type": "Feature", "properties": { "h3": "881e03605dfffff" }, "geometry": { "type": "Polygon", "coordinates": [ [ [ 19.246184064524641, 47.505896259188297 ], [ 19.243744040710595, 47.501450663883581 ], [ 19.248508133436374, 47.497955731420021 ], [ 19.255712213330781, 47.498906219255751 ], [ 19.258152887979676, 47.503351732934178 ], [ 19.253388831979734, 47.50684684041903 ], [ 19.246184064524641, 47.505896259188297 ] ] ] } },
{ "type": "Feature", "properties": { "h3": "881e0379c5fffff" }, "geometry": { "type": "Polygon", "coordinates": [ [ [ 18.996374686909864, 47.439620920694729 ], [ 18.993952039596092, 47.435167409879519 ], [ 18.998721531820667, 47.431680429734108 ], [ 19.005913643369713, 47.432646785482866 ], [ 19.00833694528724, 47.437100217378173 ], [ 19.00356748113137, 47.440587372460683 ], [ 18.996374686909864, 47.439620920694729 ] ] ] } },
{ "type": "Feature", "properties": { "h3": "881e037a51fffff" }, "geometry": { "type": "Polygon", "coordinates": [ [ [ 19.006687204630627, 47.556499142987093 ], [ 19.004260255895463, 47.55205193961887 ], [ 19.009036580335621, 47.54856990395124 ], [ 19.016239825080923, 47.549534896539939 ], [ 19.018667430202637, 47.553982020614157 ], [ 19.013891134272281, 47.557464231409782 ], [ 19.006687204630627, 47.556499142987093 ] ] ] } },
{ "type": "Feature", "properties": { "h3": "881e03606dfffff" }, "geometry": { "type": "Polygon", "coordinates": [ [ [ 19.195650042686719, 47.486842432143952 ], [ 19.193213708841963, 47.482394930746459 ], [ 19.197978558494103, 47.478901341890271 ], [ 19.205179707104357, 47.479855079449742 ], [ 19.20761669245783, 47.484302499778906 ], [ 19.202851877772524, 47.487796263632866 ], [ 19.195650042686719, 47.486842432143952 ] ] ] } },
{ "type": "Feature", "properties": { "h3": "881e0378e5fffff" }, "geometry": { "type": "Polygon", "coordinates": [ [ [ 19.046813501567776, 47.458768560042181 ], [ 19.044387161741934, 47.454316940445729 ], [ 19.049155932106803, 47.450828615931357 ], [ 19.056351012558626, 47.451791736063285 ], [ 19.058778006331366, 47.456243276178128 ], [ 19.054009265784977, 47.459731775658682 ], [ 19.046813501567776, 47.458768560042181 ] ] ] } },
{ "type": "Feature", "properties": { "h3": "881e0378c3fffff" }, "geometry": { "type": "Polygon", "coordinates": [ [ [ 19.085313892287878, 47.480419590352675 ], [ 19.082884513445336, 47.475969786269417 ], [ 19.087653162523235, 47.47248076184097 ], [ 19.094851159362452, 47.473441366512802 ], [ 19.09728119176717, 47.477891090670546 ], [ 19.092512573850293, 47.481380290097974 ], [ 19.085313892287878, 47.480419590352675 ] ] ] } },
{ "type": "Feature", "properties": { "h3": "881e037857fffff" }, "geometry": { "type": "Polygon", "coordinates": [ [ [ 19.025468935796546, 47.493041550463502 ], [ 19.023042828908345, 47.488591348507128 ], [ 19.027814520422027, 47.485105548157897 ], [ 19.035012289793773, 47.48606977475842 ], [ 19.037439051624869, 47.490519897374213 ], [ 19.032667389220947, 47.494005872746115 ], [ 19.025468935796546, 47.493041550463502 ] ] ] } },
{ "type": "Feature", "properties": { "h3": "881e036325fffff" }, "geometry": { "type": "Polygon", "coordinates": [ [ [ 19.130844999968257, 47.478237620489921 ], [ 19.128412901633077, 47.473788511246305 ], [ 19.133179688491403, 47.4702973789786 ], [ 19.140378541037705, 47.47125518097895 ], [ 19.142811292007806, 47.475704209835833 ], [ 19.138044537876656, 47.479195517095064 ], [ 19.130844999968257, 47.478237620489921 ] ] ] } },
{ "type": "Feature", "properties": { "h3": "881e03789dfffff" }, "geometry": { "type": "Polygon", "coordinates": [ [ [ 19.111584668828588, 47.46742126486744 ], [ 19.109154089697068, 47.462971246399242 ], [ 19.113920941001304, 47.459480464090881 ], [ 19.121118339461987, 47.460439525290994 ], [ 19.123549571422622, 47.464889463593998 ], [ 19.118782752173306, 47.468380420878077 ], [ 19.111584668828588, 47.46742126486744 ] ] ] } },
{ "type": "Feature", "properties": { "h3": "881e036039fffff" }, "geometry": { "type": "Polygon", "coordinates": [ [ [ 19.255477521798152, 47.474129088141481 ], [ 19.253037933192129, 47.469681993249559 ], [ 19.257799712243447, 47.466185187759201 ], [ 19.265001042965515, 47.467135302209243 ], [ 19.267441281688441, 47.47158231545108 ], [ 19.262679539652762, 47.475079295908813 ], [ 19.255477521798152, 47.474129088141481 ] ] ] } },
{ "type": "Feature", "properties": { "h3": "881e037a29fffff" }, "geometry": { "type": "Polygon", "coordinates": [ [ [ 18.970528129970791, 47.526910602226565 ], [ 18.968104331969553, 47.522461207906346 ], [ 18.972880187852201, 47.518979401624044 ], [ 18.980079814574236, 47.519946814599017 ], [ 18.98250426916206, 47.524396130064879 ], [ 18.977728440520803, 47.52787811142624 ], [ 18.970528129970791, 47.526910602226565 ] ] ] } },
{ "type": "Feature", "properties": { "h3": "881e036267fffff" }, "geometry": { "type": "Polygon", "coordinates": [ [ [ 19.19364330549524, 47.531934698228731 ], [ 19.191205671725893, 47.527489527994483 ], [ 19.195973380372354, 47.52399810885121 ], [ 19.203178687929892, 47.524951684885465 ], [ 19.205616974008514, 47.529396773970241 ], [ 19.200849300300618, 47.532888368186185 ], [ 19.19364330549524, 47.531934698228731 ] ] ] } },
{ "type": "Feature", "properties": { "h3": "881e03604bfffff" }, "geometry": { "type": "Polygon", "coordinates": [ [ [ 19.234214661421245, 47.508439416679316 ], [ 19.231775288720929, 47.503993739864541 ], [ 19.236539996483259, 47.500499450972491 ], [ 19.243744040710595, 47.501450663883581 ], [ 19.246184064524641, 47.505896259188297 ], [ 19.241419393077972, 47.509390723107863 ], [ 19.234214661421245, 47.508439416679316 ] ] ] } },
{ "type": "Feature", "properties": { "h3": "881e036a81fffff" }, "geometry": { "type": "Polygon", "coordinates": [ [ [ 19.190029970618287, 47.391176053908119 ], [ 19.187596990280529, 47.386723446312125 ], [ 19.192356166861668, 47.383225701083909 ], [ 19.199548289173318, 47.384180388623122 ], [ 19.201981919521103, 47.388632915420906 ], [ 19.197222777627065, 47.392130835493596 ], [ 19.190029970618287, 47.391176053908119 ] ] ] } },
{ "type": "Feature", "properties": { "h3": "881e0371c9fffff" }, "geometry": { "type": "Polygon", "coordinates": [ [ [ 19.122077237329467, 47.584259935800226 ], [ 19.119642333831276, 47.579816239402611 ], [ 19.124416005426298, 47.576330394182847 ], [ 19.131624548085068, 47.577288070207992 ], [ 19.134060106185323, 47.581731686066853 ], [ 19.129286467104958, 47.585217706455339 ], [ 19.122077237329467, 47.584259935800226 ] ] ] } },
{ "type": "Feature", "properties": { "h3": "881e037035fffff" }, "geometry": { "type": "Polygon", "coordinates": [ [ [ 19.131722132431875, 47.589660946468413 ], [ 19.129286467104958, 47.585217706455339 ], [ 19.134060106185323, 47.581731686066853 ], [ 19.141269377820528, 47.58268873053045 ], [ 19.143705697651871, 47.587131889893911 ], [ 19.138932091423857, 47.590618085459397 ], [ 19.131722132431875, 47.589660946468413 ] ] ] } },
{ "type": "Feature", "properties": { "h3": "881e037119fffff" }, "geometry": { "type": "Polygon", "coordinates": [ [ [ 19.088467783515874, 47.583908608046677 ], [ 19.086034952010326, 47.579464294958477 ], [ 19.090809878793262, 47.575979916380156 ], [ 19.09801760580806, 47.576939675735353 ], [ 19.100451092568687, 47.581383908628951 ], [ 19.095676197139571, 47.584868462377983 ], [ 19.088467783515874, 47.583908608046677 ] ] ] } },
{ "type": "Feature", "properties": { "h3": "881e03714dfffff" }, "geometry": { "type": "Polygon", "coordinates": [ [ [ 19.028542752342407, 47.596511521165304 ], [ 19.02611320127312, 47.592066808854689 ], [ 19.030891179188188, 47.588585661292555 ], [ 19.038098678958214, 47.589549050862274 ], [ 19.04052888666908, 47.593993683561962 ], [ 19.035750938048334, 47.597475006318987 ], [ 19.028542752342407, 47.596511521165304 ] ] ] } },
{ "type": "Feature", "properties": { "h3": "881e036a53fffff" }, "geometry": { "type": "Polygon", "coordinates": [ [ [ 19.135219904880273, 47.425174210681732 ], [ 19.132789206830132, 47.420722402083477 ], [ 19.137552558657561, 47.417228632234931 ], [ 19.144746575782253, 47.418186496095252 ], [ 19.147177925486972, 47.422638224381025 ], [ 19.142414606492224, 47.426132169134938 ], [ 19.135219904880273, 47.425174210681732 ] ] ] } },
{ "type": "Feature", "properties": { "h3": "881e036261fffff" }, "geometry": { "type": "Polygon", "coordinates": [ [ [ 19.191312759482908, 47.539870442971214 ], [ 19.188875017693871, 47.535425648086104 ], [ 19.19364330549524, 47.531934698228731 ], [ 19.200849300300618, 47.532888368186185 ], [ 19.20328769457894, 47.537333081927613 ], [ 19.198519441642929, 47.540824206871243 ], [ 19.191312759482908, 47.539870442971214 ] ] ] } },
{ "type": "Feature", "properties": { "h3": "881e0371cbfffff" }, "geometry": { "type": "Polygon", "coordinates": [ [ [ 19.134060106185323, 47.581731686066853 ], [ 19.131624548085068, 47.577288070207992 ], [ 19.136397607215876, 47.57380157945191 ], [ 19.14360619160092, 47.574758529407397 ], [ 19.146042404025042, 47.579202064611039 ], [ 19.141269377820528, 47.58268873053045 ], [ 19.134060106185323, 47.581731686066853 ] ] ] } },
{ "type": "Feature", "properties": { "h3": "881e0361e5fffff" }, "geometry": { "type": "Polygon", "coordinates": [ [ [ 19.214265005001611, 47.423290109555722 ], [ 19.211829535065377, 47.418839613339998 ], [ 19.216589761241458, 47.415342278819132 ], [ 19.22378542188434, 47.41629526563792 ], [ 19.226221541894123, 47.420745680736772 ], [ 19.221461351267507, 47.424243190149582 ], [ 19.214265005001611, 47.423290109555722 ] ] ] } },
{ "type": "Feature", "properties": { "h3": "881e0378cbfffff" }, "geometry": { "type": "Polygon", "coordinates": [ [ [ 19.082974149772177, 47.488357574856863 ], [ 19.080544664745332, 47.483908145234075 ], [ 19.085313892287878, 47.480419590352675 ], [ 19.092512573850293, 47.481380290097974 ], [ 19.094942712619286, 47.48582963980121 ], [ 19.090173516163556, 47.489318369694708 ], [ 19.082974149772177, 47.488357574856863 ] ] ] } },
{ "type": "Feature", "properties": { "h3": "881e036a49fffff" }, "geometry": { "type": "Polygon", "coordinates": [ [ [ 19.087382144399566, 47.435304483644629 ], [ 19.084954055731391, 47.430852354965239 ], [ 19.089719845487888, 47.427361159450378 ], [ 19.09691369279653, 47.428321917704956 ], [ 19.099342434224479, 47.432773966539465 ], [ 19.094576675663706, 47.43626533698027 ], [ 19.087382144399566, 47.435304483644629 ] ] ] } },
{ "type": "Feature", "properties": { "h3": "881e1cb681fffff" }, "geometry": { "type": "Polygon", "coordinates": [ [ [ 18.955366960417805, 47.388679018233049 ], [ 18.952948421065415, 47.384222127812812 ], [ 18.957716316724603, 47.380734613392349 ], [ 18.964902725192164, 47.381703814551351 ], [ 18.967321919081403, 47.386160626589373 ], [ 18.962554050045352, 47.389648315866673 ], [ 18.955366960417805, 47.388679018233049 ] ] ] } },
{ "type": "Feature", "properties": { "h3": "881e036139fffff" }, "geometry": { "type": "Polygon", "coordinates": [ [ [ 19.188022453199682, 47.436320732485981 ], [ 19.185588176563694, 47.43187044841477 ], [ 19.190350205292347, 47.428374867494512 ], [ 19.197546476078355, 47.429329395744595 ], [ 19.19998140352212, 47.433779598938216 ], [ 19.195219409452076, 47.437275354775224 ], [ 19.188022453199682, 47.436320732485981 ] ] ] } },
{ "type": "Feature", "properties": { "h3": "881e036369fffff" }, "geometry": { "type": "Polygon", "coordinates": [ [ [ 19.121501529428194, 47.509990147608093 ], [ 19.119069003622638, 47.505542537066567 ], [ 19.123838104800626, 47.502053282088006 ], [ 19.131039699432058, 47.503011462622489 ], [ 19.133472878592158, 47.507458992800956 ], [ 19.128703809846286, 47.510948422824008 ], [ 19.121501529428194, 47.509990147608093 ] ] ] } },
{ "type": "Feature", "properties": { "h3": "881e036309fffff" }, "geometry": { "type": "Polygon", "coordinates": [ [ [ 19.155080613695379, 47.510330287896657 ], [ 19.152646021287151, 47.505883293690594 ], [ 19.1574138663151, 47.50239257476052 ], [ 19.164616270241627, 47.503348675010841 ], [ 19.167051515351837, 47.5077955885099 ], [ 19.162283703913637, 47.511286482481594 ], [ 19.155080613695379, 47.510330287896657 ] ] ] } },
{ "type": "Feature", "properties": { "h3": "881e037a03fffff" }, "geometry": { "type": "Polygon", "coordinates": [ [ [ 19.001756916271702, 47.535226339050311 ], [ 18.999330939236529, 47.530777931303795 ], [ 19.004106133045955, 47.527295128873654 ], [ 19.011307275646185, 47.528260559113477 ], [ 19.013733908802084, 47.532708887665798 ], [ 19.008958743316704, 47.536191865188584 ], [ 19.001756916271702, 47.535226339050311 ] ] ] } },
{ "type": "Feature", "properties": { "h3": "881e1cb683fffff" }, "geometry": { "type": "Polygon", "coordinates": [ [ [ 18.967321919081403, 47.386160626589373 ], [ 18.964902725192164, 47.381703814551351 ], [ 18.969670017094881, 47.378215655906253 ], [ 18.976856475933985, 47.379184134462349 ], [ 18.979276324086264, 47.383640868000569 ], [ 18.974509059215528, 47.387129201498574 ], [ 18.967321919081403, 47.386160626589373 ] ] ] } },
{ "type": "Feature", "properties": { "h3": "881e036a43fffff" }, "geometry": { "type": "Polygon", "coordinates": [ [ [ 19.101678873614905, 47.424830078406821 ], [ 19.099250238474006, 47.420377655783156 ], [ 19.104014841670256, 47.416885347742927 ], [ 19.11120804840818, 47.417845287434297 ], [ 19.113637335853227, 47.422297630089965 ], [ 19.108872764335882, 47.425790113038239 ], [ 19.101678873614905, 47.424830078406821 ] ] ] } },
{ "type": "Feature", "properties": { "h3": "881e036127fffff" }, "geometry": { "type": "Polygon", "coordinates": [ [ [ 19.159135376285668, 47.42010087115677 ], [ 19.156703375202977, 47.415649223300285 ], [ 19.161465505891389, 47.41215416708588 ], [ 19.168659604091655, 47.41311058384936 ], [ 19.171092256275514, 47.417562151159792 ], [ 19.166330159237813, 47.421057382268735 ], [ 19.159135376285668, 47.42010087115677 ] ] ] } },
{ "type": "Feature", "properties": { "h3": "881e036319fffff" }, "geometry": { "type": "Polygon", "coordinates": [ [ [ 19.188661671409747, 47.510660641007959 ], [ 19.186225013832594, 47.506214264246609 ], [ 19.190991599279528, 47.502722081913035 ], [ 19.198194807636298, 47.503676101318774 ], [ 19.20063211726141, 47.508122397029531 ], [ 19.195865566562002, 47.511614754401073 ], [ 19.188661671409747, 47.510660641007959 ] ] ] } },
{ "type": "Feature", "properties": { "h3": "881e0371c7fffff" }, "geometry": { "type": "Polygon", "coordinates": [ [ [ 19.126754300708285, 47.568400006427339 ], [ 19.124319611346042, 47.563955558610544 ], [ 19.129092123311025, 47.560468772742233 ], [ 19.136299292055782, 47.561426259565238 ], [ 19.138734635659127, 47.565870626831988 ], [ 19.133962156356823, 47.569357587841779 ], [ 19.126754300708285, 47.568400006427339 ] ] ] } },
{ "type": "Feature", "properties": { "h3": "881e036165fffff" }, "geometry": { "type": "Polygon", "coordinates": [ [ [ 19.130553184816026, 47.441062840344856 ], [ 19.128122273158251, 47.436611779576566 ], [ 19.13288678031136, 47.433118946788852 ], [ 19.140082166516468, 47.434076999854042 ], [ 19.142513730187751, 47.438527980322107 ], [ 19.137749255720252, 47.442020988041151 ], [ 19.130553184816026, 47.441062840344856 ] ] ] } },
{ "type": "Feature", "properties": { "h3": "881e036a17fffff" }, "geometry": { "type": "Polygon", "coordinates": [ [ [ 19.142216454376154, 47.401334949168991 ], [ 19.13978607684572, 47.396882019547768 ], [ 19.144547696586862, 47.393386844973584 ], [ 19.151739660885298, 47.394344425169891 ], [ 19.154170689532382, 47.398797274460016 ], [ 19.149409102844118, 47.402292623900877 ], [ 19.142216454376154, 47.401334949168991 ] ] ] } },
{ "type": "Feature", "properties": { "h3": "881e037147fffff" }, "geometry": { "type": "Polygon", "coordinates": [ [ [ 19.042876047378542, 47.586067256833111 ], [ 19.040445945478201, 47.581622248431742 ], [ 19.045222733819038, 47.578139983244029 ], [ 19.052429594358895, 47.579102551297041 ], [ 19.054860352442962, 47.583547479965077 ], [ 19.050083593883421, 47.58702992032952 ], [ 19.042876047378542, 47.586067256833111 ] ] ] } },
{ "type": "Feature", "properties": { "h3": "881e036321fffff" }, "geometry": { "type": "Polygon", "coordinates": [ [ [ 19.140477395915941, 47.483644171425659 ], [ 19.138044537876656, 47.479195517095064 ], [ 19.142811292007806, 47.475704209835833 ], [ 19.150010871194677, 47.476661381923833 ], [ 19.152444381771488, 47.481109955756985 ], [ 19.147677660703888, 47.484601438015545 ], [ 19.140477395915941, 47.483644171425659 ] ] ] } },
{ "type": "Feature", "properties": { "h3": "881e036149fffff" }, "geometry": { "type": "Polygon", "coordinates": [ [ [ 19.154777013836636, 47.473169430656327 ], [ 19.152343610508765, 47.468720482302892 ], [ 19.157109174845672, 47.4652280621413 ], [ 19.164308109043521, 47.466184415368453 ], [ 19.166742164451854, 47.470633283101783 ], [ 19.161976633661908, 47.474125878244031 ], [ 19.154777013836636, 47.473169430656327 ] ] ] } },
{ "type": "Feature", "properties": { "h3": "881e0378b7fffff" }, "geometry": { "type": "Polygon", "coordinates": [ [ [ 19.108966509397842, 47.438185691123465 ], [ 19.10653700903417, 47.433734096129982 ], [ 19.111302158247501, 47.430242081910912 ], [ 19.118496775963649, 47.431201487772519 ], [ 19.120926928714255, 47.435653002693371 ], [ 19.116161811441525, 47.439145191841213 ], [ 19.108966509397842, 47.438185691123465 ] ] ] } },
{ "type": "Feature", "properties": { "h3": "881e0345d3fffff" }, "geometry": { "type": "Polygon", "coordinates": [ [ [ 18.934794136206012, 47.571573065362529 ], [ 18.932371131584766, 47.567125388689384 ], [ 18.937151097067005, 47.5636472323731 ], [ 18.944354041210236, 47.564616577593377 ], [ 18.946777703872975, 47.569064175675329 ], [ 18.941997764430582, 47.572542507144341 ], [ 18.934794136206012, 47.571573065362529 ] ] ] } },
{ "type": "Feature", "properties": { "h3": "881e034497fffff" }, "geometry": { "type": "Polygon", "coordinates": [ [ [ 19.00927024136767, 47.585692779726472 ], [ 19.006842214962763, 47.581247157202235 ], [ 19.011620250455913, 47.577766360003068 ], [ 19.018826283813198, 47.578731010167267 ], [ 19.021254967051444, 47.583176553303176 ], [ 19.016476960178959, 47.586657525679328 ], [ 19.00927024136767, 47.585692779726472 ] ] ] } },
{ "type": "Feature", "properties": { "h3": "881e037331fffff" }, "geometry": { "type": "Polygon", "coordinates": [ [ [ 19.057462736442371, 47.612731487967693 ], [ 19.055030897852507, 47.608288142478152 ], [ 19.059808786873262, 47.604806469304691 ], [ 19.067018484258028, 47.605767966415378 ], [ 19.069450979200525, 47.610211231960356 ], [ 19.06467312048575, 47.61369308035529 ], [ 19.057462736442371, 47.612731487967693 ] ] ] } },
{ "type": "Feature", "properties": { "h3": "881e036a07fffff" }, "geometry": { "type": "Polygon", "coordinates": [ [ [ 19.108685364315107, 47.400993359667773 ], [ 19.106257048122984, 47.396539816254446 ], [ 19.111019919174129, 47.393046102680159 ], [ 19.118211074596882, 47.394005757665596 ], [ 19.120640042554943, 47.39845922109231 ], [ 19.11587720340394, 47.401953109536159 ], [ 19.108685364315107, 47.400993359667773 ] ] ] } },
{ "type": "Feature", "properties": { "h3": "881e036223fffff" }, "geometry": { "type": "Polygon", "coordinates": [ [ [ 19.21991760813362, 47.518919764701458 ], [ 19.217478778417991, 47.514474381640063 ], [ 19.222244679672176, 47.510981205254502 ], [ 19.229449374889757, 47.511933236899068 ], [ 19.231888856177587, 47.516378538572532 ], [ 19.227122990756019, 47.51987189000527 ], [ 19.21991760813362, 47.518919764701458 ] ] ] } },
{ "type": "Feature", "properties": { "h3": "881e03602dfffff" }, "geometry": { "type": "Polygon", "coordinates": [ [ [ 19.212270724071793, 47.468418351052513 ], [ 19.209833954969952, 47.463970181455601 ], [ 19.214597034728257, 47.460475012153211 ], [ 19.221796848146212, 47.461427837498441 ], [ 19.22423426811962, 47.465875925898601 ], [ 19.219471223883716, 47.469371270166185 ], [ 19.212270724071793, 47.468418351052513 ] ] ] } },
{ "type": "Feature", "properties": { "h3": "881e036013fffff" }, "geometry": { "type": "Polygon", "coordinates": [ [ [ 19.286728862730968, 47.482373306788695 ], [ 19.28428710590261, 47.477927206762303 ], [ 19.289048194561701, 47.474429408419951 ], [ 19.296251002029486, 47.475377535144887 ], [ 19.298693408496593, 47.479823553184637 ], [ 19.29393235793761, 47.483321526501967 ], [ 19.286728862730968, 47.482373306788695 ] ] ] } },
{ "type": "Feature", "properties": { "h3": "881e03715dfffff" }, "geometry": { "type": "Polygon", "coordinates": [ [ [ 19.062154363081337, 47.59688060342306 ], [ 19.059722736761248, 47.592436506080553 ], [ 19.064499465202456, 47.588953890530611 ], [ 19.071707789588331, 47.589915197145018 ], [ 19.074140071899301, 47.594359214531849 ], [ 19.069363373913589, 47.597842005276021 ], [ 19.062154363081337, 47.59688060342306 ] ] ] } },
{ "type": "Feature", "properties": { "h3": "881e03716dfffff" }, "geometry": { "type": "Polygon", "coordinates": [ [ [ 19.011620250455913, 47.577766360003068 ], [ 19.009192329349066, 47.573320361949349 ], [ 19.013969784867211, 47.569839093437686 ], [ 19.021175132876177, 47.570803647832243 ], [ 19.023603710635491, 47.575249566492012 ], [ 19.018826283813198, 47.578731010167267 ], [ 19.011620250455913, 47.577766360003068 ] ] ] } },
{ "type": "Feature", "properties": { "h3": "881e0344a7fffff" }, "geometry": { "type": "Polygon", "coordinates": [ [ [ 18.95876071704749, 47.566553913511868 ], [ 18.956336396618724, 47.562106394138347 ], [ 18.961115149887203, 47.558626944181086 ], [ 18.96831819680067, 47.559594838468591 ], [ 18.9707431747198, 47.564042279016455 ], [ 18.965964448314754, 47.567521904118593 ], [ 18.95876071704749, 47.566553913511868 ] ] ] } },
{ "type": "Feature", "properties": { "h3": "881e037a17fffff" }, "geometry": { "type": "Polygon", "coordinates": [ [ [ 19.025710341524917, 47.53019006527591 ], [ 19.023283052524352, 47.525741816034859 ], [ 19.028057030727027, 47.522257722037907 ], [ 19.035258268863863, 47.523221702214329 ], [ 19.037686213433005, 47.527669872027104 ], [ 19.032912264376513, 47.531154141107805 ], [ 19.025710341524917, 47.53019006527591 ] ] ] } },
{ "type": "Feature", "properties": { "h3": "881e0360e1fffff" }, "geometry": { "type": "Polygon", "coordinates": [ [ [ 19.291367057527253, 47.466484667406547 ], [ 19.288925519406941, 47.462037817813531 ], [ 19.293685451762208, 47.458539083959415 ], [ 19.300886884074117, 47.459487024766148 ], [ 19.303329071474661, 47.463933792360514 ], [ 19.298569177363483, 47.467432701162643 ], [ 19.291367057527253, 47.466484667406547 ] ] ] } },
{ "type": "Feature", "properties": { "h3": "881e037839fffff" }, "geometry": { "type": "Polygon", "coordinates": [ [ [ 19.02053738105981, 47.471752991255435 ], [ 19.018112244790995, 47.467301587160719 ], [ 19.022882808201423, 47.46381502177271 ], [ 19.030078479036323, 47.464779685507274 ], [ 19.032504269983292, 47.469231010360645 ], [ 19.027733735496781, 47.472717750736862 ], [ 19.02053738105981, 47.471752991255435 ] ] ] } },
{ "type": "Feature", "properties": { "h3": "881e0361c9fffff" }, "geometry": { "type": "Polygon", "coordinates": [ [ [ 19.238521016530267, 47.455387670364338 ], [ 19.236083054469123, 47.450939288799155 ], [ 19.240844328568837, 47.447442365226429 ], [ 19.248043528395907, 47.448393648294996 ], [ 19.250482140592904, 47.452841948424584 ], [ 19.245720902907191, 47.456339046937082 ], [ 19.238521016530267, 47.455387670364338 ] ] ] } },
{ "type": "Feature", "properties": { "h3": "881e0379a9fffff" }, "geometry": { "type": "Polygon", "coordinates": [ [ [ 19.003413802495054, 47.415796918078726 ], [ 19.000991469324333, 47.411342286596025 ], [ 19.005759228528952, 47.40785389780654 ], [ 19.012949292690276, 47.408819965616757 ], [ 19.015372279925295, 47.413274518161082 ], [ 19.01060454901403, 47.416763081849609 ], [ 19.003413802495054, 47.415796918078726 ] ] ] } },
{ "type": "Feature", "properties": { "h3": "881e036a03fffff" }, "geometry": { "type": "Polygon", "coordinates": [ [ [ 19.118306277872168, 47.406406199468954 ], [ 19.11587720340394, 47.401953109536159 ], [ 19.120640042554943, 47.39845922109231 ], [ 19.127831924018533, 47.39941824772 ], [ 19.130261650155965, 47.403871257555458 ], [ 19.125498843240276, 47.407365320876515 ], [ 19.118306277872168, 47.406406199468954 ] ] ] } },
{ "type": "Feature", "properties": { "h3": "881e0378ebfffff" }, "geometry": { "type": "Polygon", "coordinates": [ [ [ 19.066060718410931, 47.469596240881529 ], [ 19.063632859214803, 47.465145528640171 ], [ 19.06840156960731, 47.461656854185186 ], [ 19.075598108786192, 47.46261871700495 ], [ 19.078026621737223, 47.467069349542683 ], [ 19.073257941834164, 47.470558198980328 ], [ 19.066060718410931, 47.469596240881529 ] ] ] } },
{ "type": "Feature", "properties": { "h3": "881e0379a1fffff" }, "geometry": { "type": "Polygon", "coordinates": [ [ [ 19.005759228528952, 47.40785389780654 ], [ 19.003337000102793, 47.403398892960602 ], [ 19.008104181874074, 47.399910034853384 ], [ 19.015293563782706, 47.400876006721724 ], [ 19.017716446093427, 47.405330932623094 ], [ 19.012949292690276, 47.408819965616757 ], [ 19.005759228528952, 47.40785389780654 ] ] ] } },
{ "type": "Feature", "properties": { "h3": "881e0361c7fffff" }, "geometry": { "type": "Polygon", "coordinates": [ [ [ 19.243167171276191, 47.439496217825912 ], [ 19.240729426268338, 47.43504708759221 ], [ 19.245489544786899, 47.431549228374152 ], [ 19.252687371834668, 47.43250032449243 ], [ 19.255125766619962, 47.43694937327836 ], [ 19.250365684660235, 47.44044740740965 ], [ 19.243167171276191, 47.439496217825912 ] ] ] } },
{ "type": "Feature", "properties": { "h3": "881e036011fffff" }, "geometry": { "type": "Polygon", "coordinates": [ [ [ 19.274763734147079, 47.484921692592295 ], [ 19.272322627236633, 47.480475510695385 ], [ 19.277084331919383, 47.476978355263199 ], [ 19.28428710590261, 47.477927206762303 ], [ 19.286728862730968, 47.482373306788695 ], [ 19.281967195738613, 47.485870637202389 ], [ 19.274763734147079, 47.484921692592295 ] ] ] } },
{ "type": "Feature", "properties": { "h3": "881e0371c5fffff" }, "geometry": { "type": "Polygon", "coordinates": [ [ [ 19.114773395575597, 47.570928014649752 ], [ 19.112339360732349, 47.566483486399498 ], [ 19.117112484703114, 47.56299734594527 ], [ 19.124319611346042, 47.563955558610544 ], [ 19.126754300708285, 47.568400006427339 ], [ 19.121981208988782, 47.571886322028341 ], [ 19.114773395575597, 47.570928014649752 ] ] ] } },
{ "type": "Feature", "properties": { "h3": "881e037ab1fffff" }, "geometry": { "type": "Polygon", "coordinates": [ [ [ 19.090264337620557, 47.50170420560034 ], [ 19.087833986167059, 47.497255605092796 ], [ 19.092603761282142, 47.493767344847846 ], [ 19.099803856581833, 47.494727510093057 ], [ 19.102234861860858, 47.499176030576052 ], [ 19.097465118094568, 47.50266446585443 ], [ 19.090264337620557, 47.50170420560034 ] ] ] } },
{ "type": "Feature", "properties": { "h3": "881e036a39fffff" }, "geometry": { "type": "Polygon", "coordinates": [ [ [ 19.120640042554943, 47.39845922109231 ], [ 19.118211074596882, 47.394005757665596 ], [ 19.122973336532855, 47.390511400954161 ], [ 19.130164534197675, 47.391470332821015 ], [ 19.132594153645613, 47.395923716144168 ], [ 19.127831924018533, 47.39941824772 ], [ 19.120640042554943, 47.39845922109231 ] ] ] } },
{ "type": "Feature", "properties": { "h3": "881e037a05fffff" }, "geometry": { "type": "Polygon", "coordinates": [ [ [ 18.980152999805497, 47.532327052098509 ], [ 18.977728440520803, 47.52787811142624 ], [ 18.98250426916206, 47.524396130064879 ], [ 18.989704629590566, 47.525362914303876 ], [ 18.992129845366932, 47.529811776010391 ], [ 18.987354044302748, 47.533293932459792 ], [ 18.980152999805497, 47.532327052098509 ] ] ] } },
{ "type": "Feature", "properties": { "h3": "881e037169fffff" }, "geometry": { "type": "Polygon", "coordinates": [ [ [ 19.021254967051444, 47.583176553303176 ], [ 19.018826283813198, 47.578731010167267 ], [ 19.023603710635491, 47.575249566492012 ], [ 19.030809791743359, 47.576213490796256 ], [ 19.033239131538267, 47.580658954426916 ], [ 19.028461733748561, 47.584140573274667 ], [ 19.021254967051444, 47.583176553303176 ] ] ] } },
{ "type": "Feature", "properties": { "h3": "881e036089fffff" }, "geometry": { "type": "Polygon", "coordinates": [ [ [ 19.322620747570312, 47.474719943192966 ], [ 19.320177042663616, 47.470274089474707 ], [ 19.32493628108778, 47.466774363213567 ], [ 19.332139185170448, 47.467720315731611 ], [ 19.334583538877705, 47.472166087115063 ], [ 19.329824339782249, 47.475665988331066 ], [ 19.322620747570312, 47.474719943192966 ] ] ] } },
{ "type": "Feature", "properties": { "h3": "881e036aa9fffff" }, "geometry": { "type": "Polygon", "coordinates": [ [ [ 19.170781323617287, 47.380358934333657 ], [ 19.168349858598287, 47.375905418650284 ], [ 19.173109103547208, 47.372408023089378 ], [ 19.180299779578714, 47.373363968397712 ], [ 19.182731894803233, 47.377817403503805 ], [ 19.177972683870511, 47.381314973894739 ], [ 19.170781323617287, 47.380358934333657 ] ] ] } },
{ "type": "Feature", "properties": { "h3": "881e036a1bfffff" }, "geometry": { "type": "Polygon", "coordinates": [ [ [ 19.149509317221199, 47.414692082996915 ], [ 19.147078074521328, 47.410239980946642 ], [ 19.151840238524773, 47.406745099619272 ], [ 19.159033611992893, 47.407702145471092 ], [ 19.161465505891389, 47.41215416708588 ], [ 19.156703375202977, 47.415649223300285 ], [ 19.149509317221199, 47.414692082996915 ] ] ] } },
{ "type": "Feature", "properties": { "h3": "881e0362a3fffff" }, "geometry": { "type": "Polygon", "coordinates": [ [ [ 19.303704159536728, 47.501102434656822 ], [ 19.301260774674496, 47.496657623751027 ], [ 19.306022365273062, 47.493159943353334 ], [ 19.313227302110821, 47.494106898874833 ], [ 19.315671336591091, 47.498551627579687 ], [ 19.310909784696157, 47.502049482979835 ], [ 19.303704159536728, 47.501102434656822 ] ] ] } },
{ "type": "Feature", "properties": { "h3": "881e036a59fffff" }, "geometry": { "type": "Polygon", "coordinates": [ [ [ 19.120926928714255, 47.435653002693371 ], [ 19.118496775963649, 47.431201487772519 ], [ 19.12326131546666, 47.427708829908411 ], [ 19.130455975450186, 47.428667512057515 ], [ 19.13288678031136, 47.433118946788852 ], [ 19.128122273158251, 47.436611779576566 ], [ 19.120926928714255, 47.435653002693371 ] ] ] } },
{ "type": "Feature", "properties": { "h3": "881e036287fffff" }, "geometry": { "type": "Polygon", "coordinates": [ [ [ 19.31103605257017, 47.514435202105098 ], [ 19.308591798441945, 47.509991223886509 ], [ 19.313353929007203, 47.506493836489256 ], [ 19.320560274811509, 47.507440252303361 ], [ 19.323005178636933, 47.511884148216836 ], [ 19.318243087041488, 47.515381710637136 ], [ 19.31103605257017, 47.514435202105098 ] ] ] } },
{ "type": "Feature", "properties": { "h3": "881e036189fffff" }, "geometry": { "type": "Polygon", "coordinates": [ [ [ 19.255125766619962, 47.43694937327836 ], [ 19.252687371834668, 47.43250032449243 ], [ 19.2574468761124, 47.429001822724857 ], [ 19.264644738287739, 47.429952194852056 ], [ 19.2670837825722, 47.434401162073861 ], [ 19.262324315262369, 47.437899838748457 ], [ 19.255125766619962, 47.43694937327836 ] ] ] } },
{ "type": "Feature", "properties": { "h3": "881e036a31fffff" }, "geometry": { "type": "Polygon", "coordinates": [ [ [ 19.122973336532855, 47.390511400954161 ], [ 19.120544475099489, 47.386057564130027 ], [ 19.12530615994061, 47.382562739266632 ], [ 19.132496673912307, 47.383521576391693 ], [ 19.134926186656351, 47.387975333105999 ], [ 19.130164534197675, 47.391470332821015 ], [ 19.122973336532855, 47.390511400954161 ] ] ] } },
{ "type": "Feature", "properties": { "h3": "881e036169fffff" }, "geometry": { "type": "Polygon", "coordinates": [ [ [ 19.137847651548903, 47.454414365750942 ], [ 19.135415873968711, 47.449964133484947 ], [ 19.140180926353199, 47.44647159445617 ], [ 19.147377723449807, 47.447429112757206 ], [ 19.149810153125841, 47.45187926461837 ], [ 19.145045133689329, 47.45537197859926 ], [ 19.137847651548903, 47.454414365750942 ] ] ] } },
{ "type": "Feature", "properties": { "h3": "881e037a25fffff" }, "geometry": { "type": "Polygon", "coordinates": [ [ [ 18.963257601632105, 47.513561591098366 ], [ 18.960834669210154, 47.509111368716127 ], [ 18.965609972958379, 47.505629266567752 ], [ 18.972808182226679, 47.506597211760685 ], [ 18.975231771149421, 47.511047355394155 ], [ 18.970456494382557, 47.51452963259959 ], [ 18.963257601632105, 47.513561591098366 ] ] ] } },
{ "type": "Feature", "properties": { "h3": "881e037b51fffff" }, "geometry": { "type": "Polygon", "coordinates": [ [ [ 18.939307598210132, 47.518585950144569 ], [ 18.936885979614935, 47.514135570616709 ], [ 18.941662494218445, 47.510654760593667 ], [ 18.948860601337074, 47.511624155049716 ], [ 18.951282876983136, 47.516074456063436 ], [ 18.946506388539174, 47.51955544115139 ], [ 18.939307598210132, 47.518585950144569 ] ] ] } },
{ "type": "Feature", "properties": { "h3": "881e037337fffff" }, "geometry": { "type": "Polygon", "coordinates": [ [ [ 19.059808786873262, 47.604806469304691 ], [ 19.057377054410843, 47.600362747841508 ], [ 19.062154363081337, 47.59688060342306 ], [ 19.069363373913589, 47.597842005276021 ], [ 19.071795762547744, 47.602285646789085 ], [ 19.067018484258028, 47.605767966415378 ], [ 19.059808786873262, 47.604806469304691 ] ] ] } },
{ "type": "Feature", "properties": { "h3": "881e03613dfffff" }, "geometry": { "type": "Polygon", "coordinates": [ [ [ 19.178391944475944, 47.430915196309989 ], [ 19.175958426425101, 47.426464457443124 ], [ 19.180720489476261, 47.422969051432219 ], [ 19.187916036335725, 47.423924209394734 ], [ 19.190350205292347, 47.428374867494512 ], [ 19.185588176563694, 47.43187044841477 ], [ 19.178391944475944, 47.430915196309989 ] ] ] } },
{ "type": "Feature", "properties": { "h3": "881e0371a3fffff" }, "geometry": { "type": "Polygon", "coordinates": [ [ [ 19.136102756398724, 47.536669998197027 ], [ 19.133668495482972, 47.53222404867892 ], [ 19.138438689639212, 47.528735382882068 ], [ 19.145643111833149, 47.529692491531939 ], [ 19.148078026268799, 47.534138360477087 ], [ 19.143307865070756, 47.537627201361303 ], [ 19.136102756398724, 47.536669998197027 ] ] ] } },
{ "type": "Feature", "properties": { "h3": "881e037a37fffff" }, "geometry": { "type": "Polygon", "coordinates": [ [ [ 19.008803144194424, 47.511430171788973 ], [ 19.006377482333217, 47.506980639696614 ], [ 19.011150938839933, 47.503496425299687 ], [ 19.018350028738205, 47.504461567957932 ], [ 19.0207763461787, 47.50891102083861 ], [ 19.016002918221311, 47.512395410288789 ], [ 19.008803144194424, 47.511430171788973 ] ] ] } },
{ "type": "Feature", "properties": { "h3": "881e034595fffff" }, "geometry": { "type": "Polygon", "coordinates": [ [ [ 18.929883261573664, 47.55030224808938 ], [ 18.927461227051324, 47.545853367638152 ], [ 18.932240058895065, 47.542374443059948 ], [ 18.939440899484577, 47.543344223832051 ], [ 18.941863591780823, 47.547793025792281 ], [ 18.937084785793171, 47.551272125487557 ], [ 18.929883261573664, 47.55030224808938 ] ] ] } },
{ "type": "Feature", "properties": { "h3": "881e037853fffff" }, "geometry": { "type": "Polygon", "coordinates": [ [ [ 19.035094256515965, 47.498455620877699 ], [ 19.032667389220947, 47.494005872746115 ], [ 19.037439051624869, 47.490519897374213 ], [ 19.044637551958015, 47.491483495118757 ], [ 19.047065074100225, 47.495933163798625 ], [ 19.042293441141769, 47.499419314201717 ], [ 19.035094256515965, 47.498455620877699 ] ] ] } },
{ "type": "Feature", "properties": { "h3": "881e0378dbfffff" }, "geometry": { "type": "Polygon", "coordinates": [ [ [ 19.116541714833758, 47.488708496286563 ], [ 19.114110162700978, 47.484259681311158 ], [ 19.118878138721282, 47.480769662468575 ], [ 19.126077634710917, 47.481728283607445 ], [ 19.128509839935504, 47.486177018318827 ], [ 19.123741896158567, 47.489667212171362 ], [ 19.116541714833758, 47.488708496286563 ] ] ] } },
{ "type": "Feature", "properties": { "h3": "881e036a2bfffff" }, "geometry": { "type": "Polygon", "coordinates": [ [ [ 19.099065935580384, 47.395579438133915 ], [ 19.096638377596147, 47.391125441441062 ], [ 19.101401280212432, 47.387631902728607 ], [ 19.108591709327413, 47.388592185863146 ], [ 19.111019919174129, 47.393046102680159 ], [ 19.106257048122984, 47.396539816254446 ], [ 19.099065935580384, 47.395579438133915 ] ] ] } },
{ "type": "Feature", "properties": { "h3": "881e037829fffff" }, "geometry": { "type": "Polygon", "coordinates": [ [ [ 18.9869825736202, 47.471374447167939 ], [ 18.984559507661285, 47.466922431920793 ], [ 18.989331312260234, 47.463437331576451 ], [ 18.996526155128997, 47.464404071507047 ], [ 18.998949876411807, 47.468856007858506 ], [ 18.994178099581408, 47.47234128319112 ], [ 18.9869825736202, 47.471374447167939 ] ] ] } },
{ "type": "Feature", "properties": { "h3": "881e0361c1fffff" }, "geometry": { "type": "Polygon", "coordinates": [ [ [ 19.240844328568837, 47.447442365226429 ], [ 19.238406475027393, 47.442993609278993 ], [ 19.243167171276191, 47.439496217825912 ], [ 19.250365684660235, 47.44044740740965 ], [ 19.252804188158297, 47.444896081915438 ], [ 19.248043528395907, 47.448393648294996 ], [ 19.240844328568837, 47.447442365226429 ] ] ] } },
{ "type": "Feature", "properties": { "h3": "881e036037fffff" }, "geometry": { "type": "Polygon", "coordinates": [ [ [ 19.26012143340893, 47.458240444750167 ], [ 19.257682062490066, 47.453792600638543 ], [ 19.26244268542915, 47.450294859325432 ], [ 19.269642642207131, 47.451244787199201 ], [ 19.272082662884266, 47.45569254964866 ], [ 19.267322077105437, 47.459190465902367 ], [ 19.26012143340893, 47.458240444750167 ] ] ] } },
{ "type": "Feature", "properties": { "h3": "881e036049fffff" }, "geometry": { "type": "Polygon", "coordinates": [ [ [ 19.222244679672176, 47.510981205254502 ], [ 19.219805958364308, 47.506535447045941 ], [ 19.224571280801257, 47.50304180185983 ], [ 19.231775288720929, 47.503993739864541 ], [ 19.234214661421245, 47.508439416679316 ], [ 19.229449374889757, 47.511933236899068 ], [ 19.222244679672176, 47.510981205254502 ] ] ] } },
{ "type": "Feature", "properties": { "h3": "881e0379d7fffff" }, "geometry": { "type": "Polygon", "coordinates": [ [ [ 19.041878094135548, 47.437471807912843 ], [ 19.039452724653312, 47.433018987204591 ], [ 19.044220368676907, 47.429529898768976 ], [ 19.051413352630036, 47.430493456125483 ], [ 19.053839375795281, 47.434946197450998 ], [ 19.049071761403937, 47.438435460818788 ], [ 19.041878094135548, 47.437471807912843 ] ] ] } },
{ "type": "Feature", "properties": { "h3": "881e0378d7fffff" }, "geometry": { "type": "Polygon", "coordinates": [ [ [ 19.109247924963285, 47.475361222114707 ], [ 19.106817239272974, 47.470911577999338 ], [ 19.111584668828588, 47.46742126486744 ], [ 19.118782752173306, 47.468380420878077 ], [ 19.121214090872527, 47.472829984834235 ], [ 19.116446693297995, 47.476320472954974 ], [ 19.109247924963285, 47.475361222114707 ] ] ] } },
{ "type": "Feature", "properties": { "h3": "881e0379c1fffff" }, "geometry": { "type": "Polygon", "coordinates": [ [ [ 19.005990887912898, 47.445040430614 ], [ 19.00356748113137, 47.440587372460683 ], [ 19.00833694528724, 47.437100217378173 ], [ 19.015529787900597, 47.43806594551944 ], [ 19.017953849190853, 47.442518924641618 ], [ 19.013184413438452, 47.446006254669719 ], [ 19.005990887912898, 47.445040430614 ] ] ] } },
{ "type": "Feature", "properties": { "h3": "881e037867fffff" }, "geometry": { "type": "Polygon", "coordinates": [ [ [ 18.97501471423767, 47.473891517126852 ], [ 18.972592303877622, 47.469439423101328 ], [ 18.977364714228926, 47.465954967986448 ], [ 18.984559507661285, 47.466922431920793 ], [ 18.9869825736202, 47.471374447167939 ], [ 18.982210190627288, 47.474859077275219 ], [ 18.97501471423767, 47.473891517126852 ] ] ] } },
{ "type": "Feature", "properties": { "h3": "881e036109fffff" }, "geometry": { "type": "Polygon", "coordinates": [ [ [ 19.171403488005073, 47.45474857674936 ], [ 19.168969647496905, 47.450298960274772 ], [ 19.173733443875083, 47.446804959179907 ], [ 19.180931046738223, 47.44776039962688 ], [ 19.183365538690357, 47.452209935352684 ], [ 19.178601776415366, 47.455704111396258 ], [ 19.171403488005073, 47.45474857674936 ] ] ] } },
{ "type": "Feature", "properties": { "h3": "881e03612bfffff" }, "geometry": { "type": "Polygon", "coordinates": [ [ [ 19.166433111019057, 47.433454158153907 ], [ 19.164000244151111, 47.429003338636569 ], [ 19.168762918770874, 47.425508575730724 ], [ 19.175958426425101, 47.426464457443124 ], [ 19.178391944475944, 47.430915196309989 ], [ 19.173629303769587, 47.43441013413085 ], [ 19.166433111019057, 47.433454158153907 ] ] ] } },
{ "type": "Feature", "properties": { "h3": "881e0360e3fffff" }, "geometry": { "type": "Polygon", "coordinates": [ [ [ 19.303329071474661, 47.463933792360514 ], [ 19.300886884074117, 47.459487024766148 ], [ 19.305646200142732, 47.455987648394498 ], [ 19.31284766503887, 47.456934864691661 ], [ 19.31529050144049, 47.461381550171282 ], [ 19.310531224025315, 47.464881101484302 ], [ 19.303329071474661, 47.463933792360514 ] ] ] } },
{ "type": "Feature", "properties": { "h3": "881e037a49fffff" }, "geometry": { "type": "Polygon", "coordinates": [ [ [ 18.9707431747198, 47.564042279016455 ], [ 18.96831819680067, 47.559594838468591 ], [ 18.973096343411854, 47.556114741887022 ], [ 18.980299440746741, 47.557081910728698 ], [ 18.982725075880488, 47.561529272333786 ], [ 18.977946956544425, 47.565009544056117 ], [ 18.9707431747198, 47.564042279016455 ] ] ] } },
{ "type": "Feature", "properties": { "h3": "881e03601bfffff" }, "geometry": { "type": "Polygon", "coordinates": [ [ [ 19.284409061900451, 47.490316362302011 ], [ 19.281967195738613, 47.485870637202389 ], [ 19.286728862730968, 47.482373306788695 ], [ 19.29393235793761, 47.483321526501967 ], [ 19.296374873917546, 47.487767169620902 ], [ 19.291613244953211, 47.491264675023103 ], [ 19.284409061900451, 47.490316362302011 ] ] ] } },
{ "type": "Feature", "properties": { "h3": "881e03605bfffff" }, "geometry": { "type": "Polygon", "coordinates": [ [ [ 19.267799124923712, 47.508746645797757 ], [ 19.265357690592413, 47.504301588985491 ], [ 19.270121130783991, 47.500805838070015 ], [ 19.277325967913725, 47.501754968960505 ], [ 19.279768052701353, 47.506199943920038 ], [ 19.275004649983391, 47.509695869857687 ], [ 19.267799124923712, 47.508746645797757 ] ] ] } },
{ "type": "Feature", "properties": { "h3": "881e1cb689fffff" }, "geometry": { "type": "Polygon", "coordinates": [ [ [ 18.953017130839932, 47.396622580569755 ], [ 18.950598487580709, 47.392166063158001 ], [ 18.955366960417805, 47.388679018233049 ], [ 18.962554050045352, 47.389648315866673 ], [ 18.964973348021093, 47.394104754902472 ], [ 18.960204901731885, 47.397591974696709 ], [ 18.953017130839932, 47.396622580569755 ] ] ] } },
{ "type": "Feature", "properties": { "h3": "881e037a8bfffff" }, "geometry": { "type": "Polygon", "coordinates": [ [ [ 19.083243231335871, 47.525509719993977 ], [ 19.080812560965995, 47.52106224399536 ], [ 19.085584072782783, 47.517575393383133 ], [ 19.09278622392327, 47.51853584371235 ], [ 19.095217548659168, 47.522983239704004 ], [ 19.090446067968511, 47.526470265389449 ], [ 19.083243231335871, 47.525509719993977 ] ] ] } },
{ "type": "Feature", "properties": { "h3": "881e037897fffff" }, "geometry": { "type": "Polygon", "coordinates": [ [ [ 19.125884580506572, 47.456948098958449 ], [ 19.123453455299046, 47.452497786404429 ], [ 19.128219118259381, 47.44900589113842 ], [ 19.135415873968711, 47.449964133484947 ], [ 19.137847651548903, 47.454414365750942 ], [ 19.133082021126953, 47.457906435974373 ], [ 19.125884580506572, 47.456948098958449 ] ] ] } },
{ "type": "Feature", "properties": { "h3": "881e036365fffff" }, "geometry": { "type": "Polygon", "coordinates": [ [ [ 19.114204819074853, 47.496646486077886 ], [ 19.111773160247107, 47.492198045736224 ], [ 19.116541714833758, 47.488708496286563 ], [ 19.123741896158567, 47.489667212171362 ], [ 19.126174208258, 47.494115572254913 ], [ 19.121405685840852, 47.49760529672777 ], [ 19.114204819074853, 47.496646486077886 ] ] ] } },
{ "type": "Feature", "properties": { "h3": "881e037101fffff" }, "geometry": { "type": "Polygon", "coordinates": [ [ [ 19.057205772884917, 47.575619639901191 ], [ 19.054775120807175, 47.571174335631625 ], [ 19.059550719420521, 47.567690953318028 ], [ 19.066756939923767, 47.568652700131587 ], [ 19.069188247727389, 47.57309792454538 ], [ 19.064412679381888, 47.576581482017453 ], [ 19.057205772884917, 47.575619639901191 ] ] ] } },
{ "type": "Feature", "properties": { "h3": "881e0371ebfffff" }, "geometry": { "type": "Polygon", "coordinates": [ [ [ 19.117112484703114, 47.56299734594527 ], [ 19.114678556769249, 47.558552442121744 ], [ 19.119451101059582, 47.555065831386642 ], [ 19.126657541038604, 47.556023949357858 ], [ 19.129092123311025, 47.560468772742233 ], [ 19.124319611346042, 47.563955558610544 ], [ 19.117112484703114, 47.56299734594527 ] ] ] } },
{ "type": "Feature", "properties": { "h3": "881e036061fffff" }, "geometry": { "type": "Polygon", "coordinates": [ [ [ 19.20761669245783, 47.484302499778906 ], [ 19.205179707104357, 47.479855079449742 ], [ 19.209943943359924, 47.476360846997999 ], [ 19.217145129672488, 47.477313859899439 ], [ 19.219582766256586, 47.481761199043845 ], [ 19.214818565377715, 47.48525560648747 ], [ 19.20761669245783, 47.484302499778906 ] ] ] } },
{ "type": "Feature", "properties": { "h3": "881e03718bfffff" }, "geometry": { "type": "Polygon", "coordinates": [ [ [ 19.150714399421261, 47.563339876013075 ], [ 19.148278401854881, 47.558895589412856 ], [ 19.153049688715274, 47.555407513115135 ], [ 19.160256939736964, 47.556363548303075 ], [ 19.162693590988166, 47.560807754120283 ], [ 19.157922337613115, 47.564296005548535 ], [ 19.150714399421261, 47.563339876013075 ] ] ] } },
{ "type": "Feature", "properties": { "h3": "881e0378c7fffff" }, "geometry": { "type": "Polygon", "coordinates": [ [ [ 19.075686560819051, 47.475008457242943 ], [ 19.073257941834164, 47.470558198980328 ], [ 19.078026621737223, 47.467069349542683 ], [ 19.085223889879742, 47.468030583392903 ], [ 19.087653162523235, 47.47248076184097 ], [ 19.082884513445336, 47.475969786269417 ], [ 19.075686560819051, 47.475008457242943 ] ] ] } },
{ "type": "Feature", "properties": { "h3": "881e03623bfffff" }, "geometry": { "type": "Polygon", "coordinates": [ [ [ 19.251181661051074, 47.527169939559478 ], [ 19.24874065960309, 47.522725551555574 ], [ 19.25350587331096, 47.519231381246307 ], [ 19.260712051628808, 47.520181423901029 ], [ 19.263153704171643, 47.524625730180048 ], [ 19.258388527382248, 47.528120075545118 ], [ 19.251181661051074, 47.527169939559478 ] ] ] } },
{ "type": "Feature", "properties": { "h3": "881e036857fffff" }, "geometry": { "type": "Polygon", "coordinates": [ [ [ 19.141919464160861, 47.364125136353096 ], [ 19.139490271614996, 47.359670260045554 ], [ 19.144249616601495, 47.356173388931154 ], [ 19.151438121202606, 47.357131219332032 ], [ 19.153867964245929, 47.361586015393804 ], [ 19.149108652270264, 47.36508306131639 ], [ 19.141919464160861, 47.364125136353096 ] ] ] } },
{ "type": "Feature", "properties": { "h3": "881e0344a1fffff" }, "geometry": { "type": "Polygon", "coordinates": [ [ [ 18.956405808808288, 47.574480035962509 ], [ 18.953981383940253, 47.57003289186283 ], [ 18.95876071704749, 47.566553913511868 ], [ 18.965964448314754, 47.567521904118593 ], [ 18.968389530854143, 47.571968969398299 ], [ 18.963610224534602, 47.575448122907375 ], [ 18.956405808808288, 47.574480035962509 ] ] ] } },
{ "type": "Feature", "properties": { "h3": "881e03634dfffff" }, "geometry": { "type": "Polygon", "coordinates": [ [ [ 19.128800841484615, 47.523331318788685 ], [ 19.126367448316419, 47.518884538521839 ], [ 19.131137096017682, 47.515395578094299 ], [ 19.138340104272171, 47.516353222883723 ], [ 19.140774150877636, 47.52079992268262 ], [ 19.136004535871383, 47.524289058176016 ], [ 19.128800841484615, 47.523331318788685 ] ] ] } },
{ "type": "Feature", "properties": { "h3": "881e037b59fffff" }, "geometry": { "type": "Polygon", "coordinates": [ [ [ 18.93695222707737, 47.526516293878657 ], [ 18.934530504477099, 47.522066288977321 ], [ 18.939307598210132, 47.518585950144569 ], [ 18.946506388539174, 47.51955544115139 ], [ 18.948928768370976, 47.524005367544419 ], [ 18.944151700721683, 47.527485881455085 ], [ 18.93695222707737, 47.526516293878657 ] ] ] } },
{ "type": "Feature", "properties": { "h3": "881e037143fffff" }, "geometry": { "type": "Polygon", "coordinates": [ [ [ 19.052514457958843, 47.591474473301481 ], [ 19.050083593883421, 47.58702992032952 ], [ 19.054860352442962, 47.583547479965077 ], [ 19.062067945039644, 47.584509417403183 ], [ 19.064499465202456, 47.588953890530611 ], [ 19.059722736761248, 47.592436506080553 ], [ 19.052514457958843, 47.591474473301481 ] ] ] } },
{ "type": "Feature", "properties": { "h3": "881e037ac3fffff" }, "geometry": { "type": "Polygon", "coordinates": [ [ [ 19.068925769214118, 47.535967745963227 ], [ 19.066495647391498, 47.531520565106966 ], [ 19.071268348253508, 47.528034829913032 ], [ 19.078471140377239, 47.528996100499931 ], [ 19.080901917023088, 47.533443201471805 ], [ 19.076129246801898, 47.53692911175721 ], [ 19.068925769214118, 47.535967745963227 ] ] ] } },
{ "type": "Feature", "properties": { "h3": "881e034593fffff" }, "geometry": { "type": "Polygon", "coordinates": [ [ [ 18.951488622176161, 47.553210526302855 ], [ 18.949065168076473, 47.548762177946095 ], [ 18.953843368230025, 47.545282431618617 ], [ 18.9610449959596, 47.54625085854159 ], [ 18.963469107463471, 47.550699128178522 ], [ 18.958690933913179, 47.554179049628452 ], [ 18.951488622176161, 47.553210526302855 ] ] ] } },
{ "type": "Feature", "properties": { "h3": "881e037145fffff" }, "geometry": { "type": "Polygon", "coordinates": [ [ [ 19.030891179188188, 47.588585661292555 ], [ 19.028461733748561, 47.584140573274667 ], [ 19.033239131538267, 47.580658954426916 ], [ 19.040445945478201, 47.581622248431742 ], [ 19.042876047378542, 47.586067256833111 ], [ 19.038098678958214, 47.589549050862274 ], [ 19.030891179188188, 47.588585661292555 ] ] ] } },
{ "type": "Feature", "properties": { "h3": "881e0379e5fffff" }, "geometry": { "type": "Polygon", "coordinates": [ [ [ 18.979495176978446, 47.420837614947693 ], [ 18.977074152759979, 47.416382825940396 ], [ 18.981843122475109, 47.412895725955259 ], [ 18.989033089013233, 47.413863240086066 ], [ 18.991454767845063, 47.418317950389763 ], [ 18.986685825604699, 47.421805225282334 ], [ 18.979495176978446, 47.420837614947693 ] ] ] } },
{ "type": "Feature", "properties": { "h3": "881e037023fffff" }, "geometry": { "type": "Polygon", "coordinates": [ [ [ 19.119737996282161, 47.592188631071132 ], [ 19.117302985737879, 47.587745310524937 ], [ 19.122077237329467, 47.584259935800226 ], [ 19.129286467104958, 47.585217706455339 ], [ 19.131722132431875, 47.589660946468413 ], [ 19.126947913280869, 47.593146496375496 ], [ 19.119737996282161, 47.592188631071132 ] ] ] } },
{ "type": "Feature", "properties": { "h3": "881e03685dfffff" }, "geometry": { "type": "Polygon", "coordinates": [ [ [ 19.127638512912764, 47.374613236242013 ], [ 19.125209864572202, 47.370158652912984 ], [ 19.1299703955839, 47.366662892092798 ], [ 19.13715954248644, 47.367621539791422 ], [ 19.139588841779425, 47.372076042997996 ], [ 19.134828343297038, 47.375571978644345 ], [ 19.127638512912764, 47.374613236242013 ] ] ] } },
{ "type": "Feature", "properties": { "h3": "881e037a11fffff" }, "geometry": { "type": "Polygon", "coordinates": [ [ [ 19.023363178460613, 47.53812156292399 ], [ 19.020935784071238, 47.53367368864356 ], [ 19.025710341524917, 47.53019006527591 ], [ 19.032912264376513, 47.531154141107805 ], [ 19.035340314514915, 47.535601935965751 ], [ 19.030565786132474, 47.53908573443038 ], [ 19.023363178460613, 47.53812156292399 ] ] ] } },
{ "type": "Feature", "properties": { "h3": "881e0379c7fffff" }, "geometry": { "type": "Polygon", "coordinates": [ [ [ 19.00833694528724, 47.437100217378173 ], [ 19.005913643369713, 47.432646785482866 ], [ 19.010682529657299, 47.429159160749983 ], [ 19.017874689463529, 47.430124792995635 ], [ 19.020298645709875, 47.43457814585372 ], [ 19.015529787900597, 47.43806594551944 ], [ 19.00833694528724, 47.437100217378173 ] ] ] } },
{ "type": "Feature", "properties": { "h3": "881e036851fffff" }, "geometry": { "type": "Polygon", "coordinates": [ [ [ 19.139588841779425, 47.372076042997996 ], [ 19.13715954248644, 47.367621539791422 ], [ 19.141919464160861, 47.364125136353096 ], [ 19.149108652270264, 47.36508306131639 ], [ 19.151538602239683, 47.369537484283548 ], [ 19.146778713502883, 47.373034062542764 ], [ 19.139588841779425, 47.372076042997996 ] ] ] } },
{ "type": "Feature", "properties": { "h3": "881e1cb69dfffff" }, "geometry": { "type": "Polygon", "coordinates": [ [ [ 18.976929011633985, 47.391585562040859 ], [ 18.974509059215528, 47.387129201498574 ], [ 18.979276324086264, 47.383640868000569 ], [ 18.986463514088822, 47.384608720199587 ], [ 18.988884120675955, 47.389065002130849 ], [ 18.98411688317103, 47.392553510490195 ], [ 18.976929011633985, 47.391585562040859 ] ] ] } },
{ "type": "Feature", "properties": { "h3": "881e036359fffff" }, "geometry": { "type": "Polygon", "coordinates": [ [ [ 19.172026850405715, 47.529070974512528 ], [ 19.16959062976397, 47.524625267062873 ], [ 19.174358986283696, 47.521134667354673 ], [ 19.181563529334895, 47.52208960004139 ], [ 19.184000402662633, 47.526535226568583 ], [ 19.179232080333389, 47.530026001347458 ], [ 19.172026850405715, 47.529070974512528 ] ] ] } },
{ "type": "Feature", "properties": { "h3": "881e0360cdfffff" }, "geometry": { "type": "Polygon", "coordinates": [ [ [ 19.296374873917546, 47.487767169620902 ], [ 19.29393235793761, 47.483321526501967 ], [ 19.298693408496593, 47.479823553184637 ], [ 19.305896936678284, 47.480771048020188 ], [ 19.308340102197018, 47.485216609042368 ], [ 19.303579090075772, 47.488714757341604 ], [ 19.296374873917546, 47.487767169620902 ] ] ] } },
{ "type": "Feature", "properties": { "h3": "881e037a41fffff" }, "geometry": { "type": "Polygon", "coordinates": [ [ [ 18.973096343411854, 47.556114741887022 ], [ 18.970671470128334, 47.551666926165716 ], [ 18.975449037066234, 47.548186358218445 ], [ 18.98265145001664, 47.549153430881049 ], [ 18.985076980333957, 47.553601167653873 ], [ 18.980299440746741, 47.557081910728698 ], [ 18.973096343411854, 47.556114741887022 ] ] ] } },
{ "type": "Feature", "properties": { "h3": "881e036a5dfffff" }, "geometry": { "type": "Polygon", "coordinates": [ [ [ 19.111302158247501, 47.430242081910912 ], [ 19.108872764335882, 47.425790113038239 ], [ 19.113637335853227, 47.422297630089965 ], [ 19.12083126934759, 47.423256941114495 ], [ 19.12326131546666, 47.427708829908411 ], [ 19.118496775963649, 47.431201487772519 ], [ 19.111302158247501, 47.430242081910912 ] ] ] } },
{ "type": "Feature", "properties": { "h3": "881e0378bbfffff" }, "geometry": { "type": "Polygon", "coordinates": [ [ [ 19.116256741616521, 47.451538819995733 ], [ 19.113826375646351, 47.447088053109304 ], [ 19.118592070809182, 47.443596332792886 ], [ 19.125788099819491, 47.444555204429285 ], [ 19.128219118259381, 47.44900589113842 ], [ 19.123453455299046, 47.452497786404429 ], [ 19.116256741616521, 47.451538819995733 ] ] ] } },
{ "type": "Feature", "properties": { "h3": "881e0362a7fffff" }, "geometry": { "type": "Polygon", "coordinates": [ [ [ 19.294055870432331, 47.495709943125661 ], [ 19.291613244953211, 47.491264675023103 ], [ 19.296374873917546, 47.487767169620902 ], [ 19.303579090075772, 47.488714757341604 ], [ 19.306022365273062, 47.493159943353334 ], [ 19.301260774674496, 47.496657623751027 ], [ 19.294055870432331, 47.495709943125661 ] ] ] } },
{ "type": "Feature", "properties": { "h3": "881e037a2dfffff" }, "geometry": { "type": "Polygon", "coordinates": [ [ [ 18.960904755631901, 47.521493070078002 ], [ 18.958481718843597, 47.517043222310619 ], [ 18.963257601632105, 47.513561591098366 ], [ 18.970456494382557, 47.51452963259959 ], [ 18.972880187852201, 47.518979401624044 ], [ 18.968104331969553, 47.522461207906346 ], [ 18.960904755631901, 47.521493070078002 ] ] ] } },
{ "type": "Feature", "properties": { "h3": "881e036ae1fffff" }, "geometry": { "type": "Polygon", "coordinates": [ [ [ 19.156500670378641, 47.390848607731144 ], [ 19.154069748779413, 47.38639538496583 ], [ 19.158830181198084, 47.382899099644852 ], [ 19.166021501760973, 47.383855862256702 ], [ 19.168453074021265, 47.388309004567802 ], [ 19.16369267513732, 47.391805464737189 ], [ 19.156500670378641, 47.390848607731144 ] ] ] } },
{ "type": "Feature", "properties": { "h3": "881e036161fffff" }, "geometry": { "type": "Polygon", "coordinates": [ [ [ 19.140180926353199, 47.44647159445617 ], [ 19.137749255720252, 47.442020988041151 ], [ 19.142513730187751, 47.438527980322107 ], [ 19.14970984234661, 47.439485404095009 ], [ 19.152142164895832, 47.443935930099144 ], [ 19.147377723449807, 47.447429112757206 ], [ 19.140180926353199, 47.44647159445617 ] ] ] } },
{ "type": "Feature", "properties": { "h3": "881e036029fffff" }, "geometry": { "type": "Polygon", "coordinates": [ [ [ 19.221908752169483, 47.473818983986327 ], [ 19.219471223883716, 47.469371270166185 ], [ 19.22423426811962, 47.465875925898601 ], [ 19.231434804862264, 47.466828120494526 ], [ 19.233872983920904, 47.471275753007504 ], [ 19.229109975544276, 47.474771272247615 ], [ 19.221908752169483, 47.473818983986327 ] ] ] } },
{ "type": "Feature", "properties": { "h3": "881e037025fffff" }, "geometry": { "type": "Polygon", "coordinates": [ [ [ 19.098109790599672, 47.589312319503428 ], [ 19.095676197139571, 47.584868462377983 ], [ 19.100451092568687, 47.581383908628951 ], [ 19.10765954984689, 47.58234303684219 ], [ 19.11009379846497, 47.586786813662002 ], [ 19.105318934727055, 47.590271542590251 ], [ 19.098109790599672, 47.589312319503428 ] ] ] } },
{ "type": "Feature", "properties": { "h3": "881e03614bfffff" }, "geometry": { "type": "Polygon", "coordinates": [ [ [ 19.166742164451854, 47.470633283101783 ], [ 19.164308109043521, 47.466184415368453 ], [ 19.169073061575613, 47.462691351460307 ], [ 19.176272035639379, 47.463646980326331 ], [ 19.178706742850817, 47.46809576732295 ], [ 19.173941824275438, 47.471589006206209 ], [ 19.166742164451854, 47.470633283101783 ] ] ] } },
{ "type": "Feature", "properties": { "h3": "881e036337fffff" }, "geometry": { "type": "Polygon", "coordinates": [ [ [ 19.176376639095171, 47.476037418694524 ], [ 19.173941824275438, 47.471589006206209 ], [ 19.178706742850817, 47.46809576732295 ], [ 19.18590644203276, 47.469050765961285 ], [ 19.188341908557632, 47.473499097602307 ], [ 19.183577024275525, 47.476992511468239 ], [ 19.176376639095171, 47.476037418694524 ] ] ] } },
{ "type": "Feature", "properties": { "h3": "881e0362e7fffff" }, "geometry": { "type": "Polygon", "coordinates": [ [ [ 19.277446844063316, 47.514140469604079 ], [ 19.275004649983391, 47.509695869857687 ], [ 19.279768052701353, 47.506199943920038 ], [ 19.286973611768261, 47.507148442715334 ], [ 19.289416456204769, 47.511592960498774 ], [ 19.284653091298296, 47.515089061465737 ], [ 19.277446844063316, 47.514140469604079 ] ] ] } },
{ "type": "Feature", "properties": { "h3": "881e037195fffff" }, "geometry": { "type": "Polygon", "coordinates": [ [ [ 19.165027613498975, 47.552874826990383 ], [ 19.162591069878605, 47.548430245622683 ], [ 19.167361164148623, 47.544941054539713 ], [ 19.174567768149167, 47.545896269729042 ], [ 19.177004964995803, 47.550340770191589 ], [ 19.17223490469592, 47.553830136385912 ], [ 19.165027613498975, 47.552874826990383 ] ] ] } },
{ "type": "Feature", "properties": { "h3": "881e037a59fffff" }, "geometry": { "type": "Polygon", "coordinates": [ [ [ 19.004337354430096, 47.564427535673424 ], [ 19.001910300532128, 47.559980707556328 ], [ 19.006687204630627, 47.556499142987093 ], [ 19.013891134272281, 47.557464231409782 ], [ 19.016318844737498, 47.561910980238565 ], [ 19.011541969073612, 47.565392719949081 ], [ 19.004337354430096, 47.564427535673424 ] ] ] } },
{ "type": "Feature", "properties": { "h3": "881e0378e3fffff" }, "geometry": { "type": "Polygon", "coordinates": [ [ [ 19.06840156960731, 47.461656854185186 ], [ 19.065973816279929, 47.457205767758495 ], [ 19.070741948476716, 47.453716623845182 ], [ 19.077937803516839, 47.45467839140494 ], [ 19.080366210419236, 47.459129398121981 ], [ 19.075598108786192, 47.46261871700495 ], [ 19.06840156960731, 47.461656854185186 ] ] ] } },
{ "type": "Feature", "properties": { "h3": "881e0371e1fffff" }, "geometry": { "type": "Polygon", "coordinates": [ [ [ 19.107472159400778, 47.557593598413838 ], [ 19.105038992826746, 47.553148238783521 ], [ 19.109811569105219, 47.549661803173372 ], [ 19.117017280049701, 47.550620552084588 ], [ 19.119451101059582, 47.555065831386642 ], [ 19.114678556769249, 47.558552442121744 ], [ 19.107472159400778, 47.557593598413838 ] ] ] } },
{ "type": "Feature", "properties": { "h3": "881e03798bfffff" }, "geometry": { "type": "Polygon", "coordinates": [ [ [ 19.032259787174205, 47.432054706268254 ], [ 19.02983517687408, 47.427601432564643 ], [ 19.03460285019499, 47.424112519052997 ], [ 19.041795104598176, 47.425076704337052 ], [ 19.044220368676907, 47.429529898768976 ], [ 19.039452724653312, 47.433018987204591 ], [ 19.032259787174205, 47.432054706268254 ] ] ] } },
{ "type": "Feature", "properties": { "h3": "881e037a01fffff" }, "geometry": { "type": "Polygon", "coordinates": [ [ [ 18.989779364941359, 47.537742419283411 ], [ 18.987354044302748, 47.533293932459792 ], [ 18.992129845366932, 47.529811776010391 ], [ 18.999330939236529, 47.530777931303795 ], [ 19.001756916271702, 47.535226339050311 ], [ 18.996981143120408, 47.538708670596655 ], [ 18.989779364941359, 47.537742419283411 ] ] ] } },
{ "type": "Feature", "properties": { "h3": "881e036351fffff" }, "geometry": { "type": "Polygon", "coordinates": [ [ [ 19.174358986283696, 47.521134667354673 ], [ 19.171922873330129, 47.516688584734503 ], [ 19.17669065084155, 47.513197515713394 ], [ 19.183894507122929, 47.514152354271182 ], [ 19.186331272582485, 47.518598355963078 ], [ 19.181563529334895, 47.52208960004139 ], [ 19.174358986283696, 47.521134667354673 ] ] ] } },
{ "type": "Feature", "properties": { "h3": "881e037ab7fffff" }, "geometry": { "type": "Polygon", "coordinates": [ [ [ 19.092603761282142, 47.493767344847846 ], [ 19.090173516163556, 47.489318369694708 ], [ 19.094942712619286, 47.48582963980121 ], [ 19.102142122850498, 47.486789710056613 ], [ 19.104573021614584, 47.491238605179319 ], [ 19.099803856581833, 47.494727510093057 ], [ 19.092603761282142, 47.493767344847846 ] ] ] } },
{ "type": "Feature", "properties": { "h3": "881e03785bfffff" }, "geometry": { "type": "Polygon", "coordinates": [ [ [ 19.032748988087, 47.506390499629298 ], [ 19.030322015343071, 47.501941126077384 ], [ 19.035094256515965, 47.498455620877699 ], [ 19.042293441141769, 47.499419314201717 ], [ 19.044721068913145, 47.503868608307819 ], [ 19.039948857110979, 47.507354288551774 ], [ 19.032748988087, 47.506390499629298 ] ] ] } },
{ "type": "Feature", "properties": { "h3": "881e0361d5fffff" }, "geometry": { "type": "Polygon", "coordinates": [ [ [ 19.264763468438755, 47.442348431696217 ], [ 19.262324315262369, 47.437899838748457 ], [ 19.2670837825722, 47.434401162073861 ], [ 19.274282365833972, 47.435350903448963 ], [ 19.276722168410277, 47.439799414722437 ], [ 19.271962738405151, 47.443298266310954 ], [ 19.264763468438755, 47.442348431696217 ] ] ] } },
{ "type": "Feature", "properties": { "h3": "881e03712bfffff" }, "geometry": { "type": "Polygon", "coordinates": [ [ [ 19.049914684436466, 47.562282896317974 ], [ 19.047484900057707, 47.557836761378994 ], [ 19.052259948884988, 47.554353083397814 ], [ 19.059464752165205, 47.555315365235323 ], [ 19.061895192185542, 47.559761420424003 ], [ 19.057120173364037, 47.563245273541547 ], [ 19.049914684436466, 47.562282896317974 ] ] ] } },
{ "type": "Feature", "properties": { "h3": "881e036141fffff" }, "geometry": { "type": "Polygon", "coordinates": [ [ [ 19.157109174845672, 47.4652280621413 ], [ 19.154675878781131, 47.460778739363299 ], [ 19.159440864933561, 47.457285850422622 ], [ 19.166639113610223, 47.458242109308415 ], [ 19.169073061575613, 47.462691351460307 ], [ 19.164308109043521, 47.466184415368453 ], [ 19.157109174845672, 47.4652280621413 ] ] ] } },
{ "type": "Feature", "properties": { "h3": "881e0378edfffff" }, "geometry": { "type": "Polygon", "coordinates": [ [ [ 19.044470598385306, 47.466707660452393 ], [ 19.042044153035757, 47.462256414957494 ], [ 19.046813501567776, 47.458768560042181 ], [ 19.054009265784977, 47.459731775658682 ], [ 19.056436365261376, 47.464182941678011 ], [ 19.051667046473327, 47.467670971572453 ], [ 19.044470598385306, 47.466707660452393 ] ] ] } },
{ "type": "Feature", "properties": { "h3": "881e037165fffff" }, "geometry": { "type": "Polygon", "coordinates": [ [ [ 19.013969784867211, 47.569839093437686 ], [ 19.011541969073612, 47.565392719949081 ], [ 19.016318844737498, 47.561910980238565 ], [ 19.023523507503779, 47.562875438882543 ], [ 19.025951979769037, 47.567321732971543 ], [ 19.021175132876177, 47.570803647832243 ], [ 19.013969784867211, 47.569839093437686 ] ] ] } },
{ "type": "Feature", "properties": { "h3": "881e037835fffff" }, "geometry": { "type": "Polygon", "coordinates": [ [ [ 19.013262837274766, 47.458397951597846 ], [ 19.010838565941874, 47.453945720235538 ], [ 19.015608579757533, 47.450458859959951 ], [ 19.022802836322047, 47.451424056095853 ], [ 19.025227762248434, 47.455876208321953 ], [ 19.020457777096304, 47.459363243564411 ], [ 19.013262837274766, 47.458397951597846 ] ] ] } },
{ "type": "Feature", "properties": { "h3": "881e036239fffff" }, "geometry": { "type": "Polygon", "coordinates": [ [ [ 19.2392090375279, 47.529712779576514 ], [ 19.23676868745396, 47.525268309963884 ], [ 19.24153451670534, 47.521774783476509 ], [ 19.24874065960309, 47.522725551555574 ], [ 19.251181661051074, 47.527169939559478 ], [ 19.246415868307686, 47.530663641108951 ], [ 19.2392090375279, 47.529712779576514 ] ] ] } },
{ "type": "Feature", "properties": { "h3": "881e036a4dfffff" }, "geometry": { "type": "Polygon", "coordinates": [ [ [ 19.077760252474111, 47.429890873071436 ], [ 19.075332922769469, 47.425438290862743 ], [ 19.080098743386422, 47.421947270265861 ], [ 19.087291862927188, 47.4229086569757 ], [ 19.089719845487888, 47.427361159450378 ], [ 19.084954055731391, 47.430852354965239 ], [ 19.077760252474111, 47.429890873071436 ] ] ] } },
{ "type": "Feature", "properties": { "h3": "881e037ab3fffff" }, "geometry": { "type": "Polygon", "coordinates": [ [ [ 19.102234861860858, 47.499176030576052 ], [ 19.099803856581833, 47.494727510093057 ], [ 19.104573021614584, 47.491238605179319 ], [ 19.111773160247107, 47.492198045736224 ], [ 19.114204819074853, 47.496646486077886 ], [ 19.109435685801273, 47.500135566019992 ], [ 19.102234861860858, 47.499176030576052 ] ] ] } },
{ "type": "Feature", "properties": { "h3": "881e036a8dfffff" }, "geometry": { "type": "Polygon", "coordinates": [ [ [ 19.17807744865307, 47.393717826678248 ], [ 19.175645118602166, 47.389265138400788 ], [ 19.18040490651531, 47.385768035634847 ], [ 19.187596990280529, 47.386723446312125 ], [ 19.190029970618287, 47.391176053908119 ], [ 19.185270216983795, 47.394673331524203 ], [ 19.17807744865307, 47.393717826678248 ] ] ] } },
{ "type": "Feature", "properties": { "h3": "881e036367fffff" }, "geometry": { "type": "Polygon", "coordinates": [ [ [ 19.126174208258, 47.494115572254913 ], [ 19.123741896158567, 47.489667212171362 ], [ 19.128509839935504, 47.486177018318827 ], [ 19.135710063312072, 47.487135009547877 ], [ 19.138143028406095, 47.49158328925661 ], [ 19.133375117208928, 47.495073658127104 ], [ 19.126174208258, 47.494115572254913 ] ] ] } },
{ "type": "Feature", "properties": { "h3": "881e0371e9fffff" }, "geometry": { "type": "Polygon", "coordinates": [ [ [ 19.105132276833615, 47.565524547875697 ], [ 19.102699003516033, 47.561079563729592 ], [ 19.107472159400778, 47.557593598413838 ], [ 19.114678556769249, 47.558552442121744 ], [ 19.117112484703114, 47.56299734594527 ], [ 19.112339360732349, 47.566483486399498 ], [ 19.105132276833615, 47.565524547875697 ] ] ] } },
{ "type": "Feature", "properties": { "h3": "881e037893fffff" }, "geometry": { "type": "Polygon", "coordinates": [ [ [ 19.135513905639947, 47.46235629399537 ], [ 19.133082021126953, 47.457906435974373 ], [ 19.137847651548903, 47.454414365750942 ], [ 19.145045133689329, 47.45537197859926 ], [ 19.147477670477787, 47.459821756221494 ], [ 19.142712072930266, 47.463314001410119 ], [ 19.135513905639947, 47.46235629399537 ] ] ] } },
{ "type": "Feature", "properties": { "h3": "881e036a01fffff" }, "geometry": { "type": "Polygon", "coordinates": [ [ [ 19.106350338525392, 47.408939774759332 ], [ 19.103921916002435, 47.404486604846177 ], [ 19.108685364315107, 47.400993359667773 ], [ 19.11587720340394, 47.401953109536159 ], [ 19.118306277872168, 47.406406199468954 ], [ 19.113542861385937, 47.409899619529696 ], [ 19.106350338525392, 47.408939774759332 ] ] ] } },
{ "type": "Feature", "properties": { "h3": "881e037327fffff" }, "geometry": { "type": "Polygon", "coordinates": [ [ [ 19.026193850864932, 47.604436533837251 ], [ 19.023764194181091, 47.599992197328284 ], [ 19.028542752342407, 47.596511521165304 ], [ 19.035750938048334, 47.597475006318987 ], [ 19.038181251554736, 47.601919263222598 ], [ 19.033402722612632, 47.605400114594005 ], [ 19.026193850864932, 47.604436533837251 ] ] ] } },
{ "type": "Feature", "properties": { "h3": "881e037b1bfffff" }, "geometry": { "type": "Polygon", "coordinates": [ [ [ 18.965609972958379, 47.505629266567752 ], [ 18.963187144918145, 47.501178669665912 ], [ 18.967961869746457, 47.497696096695563 ], [ 18.975159395637593, 47.498663945599077 ], [ 18.977582879998103, 47.503114463746272 ], [ 18.972808182226679, 47.506597211760685 ], [ 18.965609972958379, 47.505629266567752 ] ] ] } },
{ "type": "Feature", "properties": { "h3": "881e03631dfffff" }, "geometry": { "type": "Polygon", "coordinates": [ [ [ 19.179021844214464, 47.505259519798393 ], [ 19.176585946680117, 47.500812687122881 ], [ 19.181352566537502, 47.497320679819644 ], [ 19.188555049598968, 47.498275330177542 ], [ 19.190991599279528, 47.502722081913035 ], [ 19.186225013832594, 47.506214264246609 ], [ 19.179021844214464, 47.505259519798393 ] ] ] } },
{ "type": "Feature", "properties": { "h3": "881e037105fffff" }, "geometry": { "type": "Polygon", "coordinates": [ [ [ 19.047568946126393, 47.570211863002882 ], [ 19.04513905589215, 47.565766103481785 ], [ 19.049914684436466, 47.562282896317974 ], [ 19.057120173364037, 47.563245273541547 ], [ 19.059550719420521, 47.567690953318028 ], [ 19.054775120807175, 47.571174335631625 ], [ 19.047568946126393, 47.570211863002882 ] ] ] } },
{ "type": "Feature", "properties": { "h3": "881e0371edfffff" }, "geometry": { "type": "Polygon", "coordinates": [ [ [ 19.095492649400324, 47.560119994268931 ], [ 19.093060137539698, 47.555674554427014 ], [ 19.097833325001279, 47.552188764241343 ], [ 19.105038992826746, 47.553148238783521 ], [ 19.107472159400778, 47.557593598413838 ], [ 19.102699003516033, 47.561079563729592 ], [ 19.095492649400324, 47.560119994268931 ] ] ] } },
{ "type": "Feature", "properties": { "h3": "881e036019fffff" }, "geometry": { "type": "Polygon", "coordinates": [ [ [ 19.272442667146866, 47.492864186931413 ], [ 19.270001451082354, 47.488418379967243 ], [ 19.274763734147079, 47.484921692592295 ], [ 19.281967195738613, 47.485870637202389 ], [ 19.284409061900451, 47.490316362302011 ], [ 19.27964681645388, 47.49381322467196 ], [ 19.272442667146866, 47.492864186931413 ] ] ] } },
{ "type": "Feature", "properties": { "h3": "881e036a0bfffff" }, "geometry": { "type": "Polygon", "coordinates": [ [ [ 19.115972042349853, 47.41435233587211 ], [ 19.113542861385937, 47.409899619529696 ], [ 19.118306277872168, 47.406406199468954 ], [ 19.125498843240276, 47.407365320876515 ], [ 19.127928676052722, 47.411817957127816 ], [ 19.123165291728203, 47.41531155207862 ], [ 19.115972042349853, 47.41435233587211 ] ] ] } },
{ "type": "Feature", "properties": { "h3": "881e0379bdfffff" }, "geometry": { "type": "Polygon", "coordinates": [ [ [ 19.027330199132912, 47.410750750783698 ], [ 19.024906558108384, 47.406296277295077 ], [ 19.02967310534617, 47.402806600229454 ], [ 19.036863264576191, 47.403771221778179 ], [ 19.039287559115348, 47.408225616093816 ], [ 19.034521040989272, 47.411715468049771 ], [ 19.027330199132912, 47.410750750783698 ] ] ] } },
{ "type": "Feature", "properties": { "h3": "881e036355fffff" }, "geometry": { "type": "Polygon", "coordinates": [ [ [ 19.164719056560674, 47.515733020994759 ], [ 19.162283703913637, 47.511286482481594 ], [ 19.167051515351837, 47.5077955885099 ], [ 19.174254645590462, 47.508751058017893 ], [ 19.17669065084155, 47.513197515713394 ], [ 19.171922873330129, 47.516688584734503 ], [ 19.164719056560674, 47.515733020994759 ] ] ] } },
{ "type": "Feature", "properties": { "h3": "881e036849fffff" }, "geometry": { "type": "Polygon", "coordinates": [ [ [ 19.103736153957492, 47.379683525716878 ], [ 19.101308808349195, 47.375228782493934 ], [ 19.106070556950264, 47.371734307311016 ], [ 19.113259619526644, 47.372694400530563 ], [ 19.115687616638944, 47.377149063865055 ], [ 19.110925899750409, 47.38064371388441 ], [ 19.103736153957492, 47.379683525716878 ] ] ] } },
{ "type": "Feature", "properties": { "h3": "881e036313fffff" }, "geometry": { "type": "Polygon", "coordinates": [ [ [ 19.202960779543496, 47.500183275005 ], [ 19.200523577994815, 47.495736604325984 ], [ 19.205288971230658, 47.492243309184715 ], [ 19.212491530864586, 47.493196509719724 ], [ 19.214929384003216, 47.497643099225854 ], [ 19.21016402599821, 47.501136569385793 ], [ 19.202960779543496, 47.500183275005 ] ] ] } },
{ "type": "Feature", "properties": { "h3": "881e03711dfffff" }, "geometry": { "type": "Polygon", "coordinates": [ [ [ 19.078827269158747, 47.578503809591169 ], [ 19.07639519953873, 47.574059040740167 ], [ 19.081170157338249, 47.570574837323996 ], [ 19.088377153821266, 47.571535227612728 ], [ 19.090809878793262, 47.575979916380156 ], [ 19.086034952010326, 47.579464294958477 ], [ 19.078827269158747, 47.578503809591169 ] ] ] } },
{ "type": "Feature", "properties": { "h3": "881e037123fffff" }, "geometry": { "type": "Polygon", "coordinates": [ [ [ 19.052259948884988, 47.554353083397814 ], [ 19.049830270376706, 47.549906573135686 ], [ 19.054604739607701, 47.546422424451031 ], [ 19.061808857346431, 47.547384610921576 ], [ 19.064239191315721, 47.551831041427683 ], [ 19.059464752165205, 47.555315365235323 ], [ 19.052259948884988, 47.554353083397814 ] ] ] } },
{ "type": "Feature", "properties": { "h3": "881e037b13fffff" }, "geometry": { "type": "Polygon", "coordinates": [ [ [ 18.967961869746457, 47.497696096695563 ], [ 18.965539146103275, 47.49324512536954 ], [ 18.970313292131969, 47.489762081691453 ], [ 18.977510134750947, 47.490729834324412 ], [ 18.979933514533951, 47.495180726889906 ], [ 18.975159395637593, 47.498663945599077 ], [ 18.967961869746457, 47.497696096695563 ] ] ] } },
{ "type": "Feature", "properties": { "h3": "881e037ad5fffff" }, "geometry": { "type": "Polygon", "coordinates": [ [ [ 19.080901917023088, 47.533443201471805 ], [ 19.078471140377239, 47.528996100499931 ], [ 19.083243231335871, 47.525509719993977 ], [ 19.090446067968511, 47.526470265389449 ], [ 19.092877499160672, 47.530917286360179 ], [ 19.088105439253845, 47.534403841952653 ], [ 19.080901917023088, 47.533443201471805 ] ] ] } },
{ "type": "Feature", "properties": { "h3": "881e037913fffff" }, "geometry": { "type": "Polygon", "coordinates": [ [ [ 18.984411871581663, 47.442140255656881 ], [ 18.981989879146422, 47.437686666039077 ], [ 18.986759976943471, 47.434200330613024 ], [ 18.993952039596092, 47.435167409879519 ], [ 18.996374686909864, 47.439620920694729 ], [ 18.991604616771866, 47.44310743106211 ], [ 18.984411871581663, 47.442140255656881 ] ] ] } },
{ "type": "Feature", "properties": { "h3": "881e036137fffff" }, "geometry": { "type": "Polygon", "coordinates": [ [ [ 19.192677487456628, 47.420428160412882 ], [ 19.190243426193515, 47.415977128380739 ], [ 19.195004299827108, 47.412480611452793 ], [ 19.202199199999303, 47.413434951682255 ], [ 19.204633911711689, 47.41788590282448 ], [ 19.199873072882554, 47.421382594643028 ], [ 19.192677487456628, 47.420428160412882 ] ] ] } },
{ "type": "Feature", "properties": { "h3": "881e037869fffff" }, "geometry": { "type": "Polygon", "coordinates": [ [ [ 18.970313292131969, 47.489762081691453 ], [ 18.967890672901198, 47.485310736036695 ], [ 18.972664240250502, 47.481827221765229 ], [ 18.979860399702343, 47.482794878146464 ], [ 18.98228367489255, 47.487246145034781 ], [ 18.977510134750947, 47.490729834324412 ], [ 18.970313292131969, 47.489762081691453 ] ] ] } },
{ "type": "Feature", "properties": { "h3": "881e03684bfffff" }, "geometry": { "type": "Polygon", "coordinates": [ [ [ 19.115687616638944, 47.377149063865055 ], [ 19.113259619526644, 47.372694400530563 ], [ 19.118020759513975, 47.369199282462226 ], [ 19.125209864572202, 47.370158652912984 ], [ 19.127638512912764, 47.374613236242013 ], [ 19.122877405046403, 47.378108529141691 ], [ 19.115687616638944, 47.377149063865055 ] ] ] } },
{ "type": "Feature", "properties": { "h3": "881e0378bdfffff" }, "geometry": { "type": "Polygon", "coordinates": [ [ [ 19.094668140898769, 47.448659214365605 ], [ 19.092239186940613, 47.44420791339779 ], [ 19.097005523364075, 47.440717011929465 ], [ 19.104200782368228, 47.44167723649813 ], [ 19.106630389169297, 47.446128457516316 ], [ 19.101864084203079, 47.449619533931454 ], [ 19.094668140898769, 47.448659214365605 ] ] ] } },
{ "type": "Feature", "properties": { "h3": "881e037323fffff" }, "geometry": { "type": "Polygon", "coordinates": [ [ [ 19.035833141899523, 47.609843995607193 ], [ 19.033402722612632, 47.605400114594005 ], [ 19.038181251554736, 47.601919263222598 ], [ 19.045390170307357, 47.602882117663121 ], [ 19.047821246320648, 47.607325918959695 ], [ 19.04304274693494, 47.610806945548454 ], [ 19.035833141899523, 47.609843995607193 ] ] ] } },
{ "type": "Feature", "properties": { "h3": "881e036069fffff" }, "geometry": { "type": "Polygon", "coordinates": [ [ [ 19.205288971230658, 47.492243309184715 ], [ 19.202851877772524, 47.487796263632866 ], [ 19.20761669245783, 47.484302499778906 ], [ 19.214818565377715, 47.48525560648747 ], [ 19.217256310246118, 47.489702570860509 ], [ 19.212491530864586, 47.493196509719724 ], [ 19.205288971230658, 47.492243309184715 ] ] ] } },
{ "type": "Feature", "properties": { "h3": "881e037995fffff" }, "geometry": { "type": "Polygon", "coordinates": [ [ [ 19.046562170889807, 47.421587146634472 ], [ 19.044137012229527, 47.417133578575061 ], [ 19.04890350090928, 47.413643551720646 ], [ 19.056095118547724, 47.414606918035005 ], [ 19.058520930531607, 47.41906040669938 ], [ 19.053754471632963, 47.422550608460433 ], [ 19.046562170889807, 47.421587146634472 ] ] ] } },
{ "type": "Feature", "properties": { "h3": "881e037997fffff" }, "geometry": { "type": "Polygon", "coordinates": [ [ [ 19.058520930531607, 47.41906040669938 ], [ 19.056095118547724, 47.414606918035005 ], [ 19.060860999880283, 47.411116247250071 ], [ 19.068052663085947, 47.412078890243549 ], [ 19.070479128118041, 47.416532299395747 ], [ 19.065713276975785, 47.420023145082652 ], [ 19.058520930531607, 47.41906040669938 ] ] ] } },
{ "type": "Feature", "properties": { "h3": "881e03782dfffff" }, "geometry": { "type": "Polygon", "coordinates": [ [ [ 18.977364714228926, 47.465954967986448 ], [ 18.974942408327184, 47.46150249991905 ], [ 18.979714240359737, 47.458017574554326 ], [ 18.986908350939792, 47.458984942293469 ], [ 18.989331312260234, 47.463437331576451 ], [ 18.984559507661285, 47.466922431920793 ], [ 18.977364714228926, 47.465954967986448 ] ] ] } },
{ "type": "Feature", "properties": { "h3": "881e0344bdfffff" }, "geometry": { "type": "Polygon", "coordinates": [ [ [ 18.978019841994556, 47.577382941640302 ], [ 18.975593997273812, 47.57293633065489 ], [ 18.980372696479357, 47.56945653039871 ], [ 18.987577212949631, 47.570423165980891 ], [ 18.990003714970833, 47.574869697917741 ], [ 18.985225043301053, 47.578349673337101 ], [ 18.978019841994556, 47.577382941640302 ] ] ] } },
{ "type": "Feature", "properties": { "h3": "881e037117fffff" }, "geometry": { "type": "Polygon", "coordinates": [ [ [ 19.093151500709524, 47.568050378384747 ], [ 19.090718882285838, 47.563605314032728 ], [ 19.095492649400324, 47.560119994268931 ], [ 19.102699003516033, 47.561079563729592 ], [ 19.105132276833615, 47.565524547875697 ], [ 19.100358541221667, 47.569010042783091 ], [ 19.093151500709524, 47.568050378384747 ] ] ] } },
{ "type": "Feature", "properties": { "h3": "881e03633dfffff" }, "geometry": { "type": "Polygon", "coordinates": [ [ [ 19.162078957581802, 47.486514616333537 ], [ 19.159644687330463, 47.48206649772446 ], [ 19.164410796498892, 47.478574371463068 ], [ 19.171611142188652, 47.479530188825088 ], [ 19.174046064602447, 47.483978226709411 ], [ 19.169279989244085, 47.48747052797242 ], [ 19.162078957581802, 47.486514616333537 ] ] ] } },
{ "type": "Feature", "properties": { "h3": "881e036a47fffff" }, "geometry": { "type": "Polygon", "coordinates": [ [ [ 19.092057075015259, 47.419416992590612 ], [ 19.089629198576713, 47.41496411641684 ], [ 19.094393833116595, 47.411471983276819 ], [ 19.101586312831024, 47.412432551426342 ], [ 19.104014841670256, 47.416885347742927 ], [ 19.099250238474006, 47.420377655783156 ], [ 19.092057075015259, 47.419416992590612 ] ] ] } },
{ "type": "Feature", "properties": { "h3": "881e037a99fffff" }, "geometry": { "type": "Polygon", "coordinates": [ [ [ 19.104852514620664, 47.528390000776632 ], [ 19.102420429159256, 47.523943059923816 ], [ 19.107191299217551, 47.520455389191518 ], [ 19.114394222943716, 47.521414484251629 ], [ 19.11682696239718, 47.525861344869796 ], [ 19.112056124212433, 47.529349190678495 ], [ 19.104852514620664, 47.528390000776632 ] ] ] } },
{ "type": "Feature", "properties": { "h3": "881e037a1bfffff" }, "geometry": { "type": "Polygon", "coordinates": [ [ [ 19.032993941825168, 47.543533154238439 ], [ 19.030565786132474, 47.53908573443038 ], [ 19.035340314514915, 47.535601935965751 ], [ 19.042542969262339, 47.536565382219585 ], [ 19.044971780608222, 47.541012722493946 ], [ 19.040197281633326, 47.544496696064265 ], [ 19.032993941825168, 47.543533154238439 ] ] ] } },
{ "type": "Feature", "properties": { "h3": "881e03781dfffff" }, "geometry": { "type": "Polygon", "coordinates": [ [ [ 19.027814520422027, 47.485105548157897 ], [ 19.025388518832582, 47.480654971806906 ], [ 19.030159631772499, 47.477168701386887 ], [ 19.037356717196975, 47.47813283232427 ], [ 19.039783373549156, 47.482583329328754 ], [ 19.035012289793773, 47.48606977475842 ], [ 19.027814520422027, 47.485105548157897 ] ] ] } },
{ "type": "Feature", "properties": { "h3": "881e03713dfffff" }, "geometry": { "type": "Polygon", "coordinates": [ [ [ 19.061895192185542, 47.559761420424003 ], [ 19.059464752165205, 47.555315365235323 ], [ 19.064239191315721, 47.551831041427683 ], [ 19.071444040149384, 47.552792597693205 ], [ 19.073875135534351, 47.557238573014786 ], [ 19.069100726801011, 47.560723071953987 ], [ 19.061895192185542, 47.559761420424003 ] ] ] } },
{ "type": "Feature", "properties": { "h3": "881e037a55fffff" }, "geometry": { "type": "Polygon", "coordinates": [ [ [ 18.997057059644714, 47.551086221626797 ], [ 18.994630872569459, 47.546638563919572 ], [ 18.999407225183234, 47.543156703371011 ], [ 19.006609736778394, 47.544122325426699 ], [ 19.009036580335621, 47.54856990395124 ], [ 19.004260255895463, 47.55205193961887 ], [ 18.997057059644714, 47.551086221626797 ] ] ] } },
{ "type": "Feature", "properties": { "h3": "881e0378d1fffff" }, "geometry": { "type": "Polygon", "coordinates": [ [ [ 19.106910709270345, 47.483300335622125 ], [ 19.104479917035842, 47.478851065955276 ], [ 19.109247924963285, 47.475361222114707 ], [ 19.116446693297995, 47.476320472954974 ], [ 19.118878138721282, 47.480769662468575 ], [ 19.114110162700978, 47.484259681311158 ], [ 19.106910709270345, 47.483300335622125 ] ] ] } },
{ "type": "Feature", "properties": { "h3": "881e037a53fffff" }, "geometry": { "type": "Polygon", "coordinates": [ [ [ 19.018667430202637, 47.553982020614157 ], [ 19.016239825080923, 47.549534896539939 ], [ 19.021015541398409, 47.546052214773049 ], [ 19.028218833996174, 47.547016481972946 ], [ 19.030647095228094, 47.551463526636162 ], [ 19.025871407831843, 47.55494638352657 ], [ 19.018667430202637, 47.553982020614157 ] ] ] } },
{ "type": "Feature", "properties": { "h3": "881e037333fffff" }, "geometry": { "type": "Polygon", "coordinates": [ [ [ 19.069450979200525, 47.610211231960356 ], [ 19.067018484258028, 47.605767966415378 ], [ 19.071795762547744, 47.602285646789085 ], [ 19.079005505141939, 47.603246417507243 ], [ 19.081438656159492, 47.607689602990988 ], [ 19.076661408587949, 47.611172097833851 ], [ 19.069450979200525, 47.610211231960356 ] ] ] } },
{ "type": "Feature", "properties": { "h3": "881e036335fffff" }, "geometry": { "type": "Polygon", "coordinates": [ [ [ 19.164410796498892, 47.478574371463068 ], [ 19.161976633661908, 47.474125878244031 ], [ 19.166742164451854, 47.470633283101783 ], [ 19.173941824275438, 47.471589006206209 ], [ 19.176376639095171, 47.476037418694524 ], [ 19.171611142188652, 47.479530188825088 ], [ 19.164410796498892, 47.478574371463068 ] ] ] } },
{ "type": "Feature", "properties": { "h3": "881e036859fffff" }, "geometry": { "type": "Polygon", "coordinates": [ [ [ 19.137257749322774, 47.380026108653134 ], [ 19.134828343297038, 47.375571978644345 ], [ 19.139588841779425, 47.372076042997996 ], [ 19.146778713502883, 47.373034062542764 ], [ 19.149208770384071, 47.377488112318474 ], [ 19.144448304765994, 47.38098422279846 ], [ 19.137257749322774, 47.380026108653134 ] ] ] } },
{ "type": "Feature", "properties": { "h3": "881e036333fffff" }, "geometry": { "type": "Polygon", "coordinates": [ [ [ 19.18601259857412, 47.481440468511252 ], [ 19.183577024275525, 47.476992511468239 ], [ 19.188341908557632, 47.473499097602307 ], [ 19.195542332588477, 47.474453465805077 ], [ 19.197978558494103, 47.478901341890271 ], [ 19.193213708841963, 47.482394930746459 ], [ 19.18601259857412, 47.481440468511252 ] ] ] } },
{ "type": "Feature", "properties": { "h3": "881e0378d9fffff" }, "geometry": { "type": "Polygon", "coordinates": [ [ [ 19.104573021614584, 47.491238605179319 ], [ 19.102142122850498, 47.486789710056613 ], [ 19.106910709270345, 47.483300335622125 ], [ 19.114110162700978, 47.484259681311158 ], [ 19.116541714833758, 47.488708496286563 ], [ 19.111773160247107, 47.492198045736224 ], [ 19.104573021614584, 47.491238605179319 ] ] ] } },
{ "type": "Feature", "properties": { "h3": "881e034599fffff" }, "geometry": { "type": "Polygon", "coordinates": [ [ [ 18.937151097067005, 47.5636472323731 ], [ 18.934728196538575, 47.559199180509495 ], [ 18.939507582213274, 47.555720552446878 ], [ 18.94670984238018, 47.556689801124513 ], [ 18.949133400769142, 47.561137774391248 ], [ 18.944354041210236, 47.564616577593377 ], [ 18.937151097067005, 47.5636472323731 ] ] ] } },
{ "type": "Feature", "properties": { "h3": "881e0378a7fffff" }, "geometry": { "type": "Polygon", "coordinates": [ [ [ 19.075421289775036, 47.437833633077311 ], [ 19.072993854142574, 47.433381424670053 ], [ 19.077760252474111, 47.429890873071436 ], [ 19.084954055731391, 47.430852354965239 ], [ 19.087382144399566, 47.435304483644629 ], [ 19.082615776854389, 47.438795210174085 ], [ 19.075421289775036, 47.437833633077311 ] ] ] } },
{ "type": "Feature", "properties": { "h3": "881e0371cdfffff" }, "geometry": { "type": "Polygon", "coordinates": [ [ [ 19.112433833541413, 47.578857837291487 ], [ 19.109999691803427, 47.574413684709143 ], [ 19.114773395575597, 47.570928014649752 ], [ 19.121981208988782, 47.571886322028341 ], [ 19.124416005426298, 47.576330394182847 ], [ 19.119642333831276, 47.579816239402611 ], [ 19.112433833541413, 47.578857837291487 ] ] ] } },
{ "type": "Feature", "properties": { "h3": "881e037819fffff" }, "geometry": { "type": "Polygon", "coordinates": [ [ [ 19.037439051624869, 47.490519897374213 ], [ 19.035012289793773, 47.48606977475842 ], [ 19.039783373549156, 47.482583329328754 ], [ 19.046981189695131, 47.483546831512811 ], [ 19.049408606193243, 47.487996874670969 ], [ 19.044637551958015, 47.491483495118757 ], [ 19.037439051624869, 47.490519897374213 ] ] ] } },
{ "type": "Feature", "properties": { "h3": "881e0378cdfffff" }, "geometry": { "type": "Polygon", "coordinates": [ [ [ 19.061377598496453, 47.485472482501102 ], [ 19.058949527607322, 47.481022518917605 ], [ 19.0637193947524, 47.477534783723627 ], [ 19.070917302525562, 47.47849683712046 ], [ 19.073346027529542, 47.482946721012325 ], [ 19.068576190725206, 47.486434631215005 ], [ 19.061377598496453, 47.485472482501102 ] ] ] } },
{ "type": "Feature", "properties": { "h3": "881e0361d1fffff" }, "geometry": { "type": "Polygon", "coordinates": [ [ [ 19.274402650038748, 47.4477464032204 ], [ 19.271962738405151, 47.443298266310954 ], [ 19.276722168410277, 47.439799414722437 ], [ 19.283921472487624, 47.44074852513836 ], [ 19.286362033421682, 47.445196580263342 ], [ 19.281602641058246, 47.448695606772716 ], [ 19.274402650038748, 47.4477464032204 ] ] ] } },
{ "type": "Feature", "properties": { "h3": "881e037aa9fffff" }, "geometry": { "type": "Polygon", "coordinates": [ [ [ 19.054349372791211, 47.509280512344034 ], [ 19.051920984474041, 47.504831672464057 ], [ 19.056692587651217, 47.501345347021292 ], [ 19.063892549108068, 47.50230768642647 ], [ 19.066321592080484, 47.506756446632565 ], [ 19.061550019020611, 47.510242947123416 ], [ 19.054349372791211, 47.509280512344034 ] ] ] } },
{ "type": "Feature", "properties": { "h3": "881e0379b5fffff" }, "geometry": { "type": "Polygon", "coordinates": [ [ [ 19.02967310534617, 47.402806600229454 ], [ 19.027249569425564, 47.398351753389996 ], [ 19.032015539320565, 47.39486160726242 ], [ 19.039205016029339, 47.395826133112678 ], [ 19.041629205284984, 47.400280900772941 ], [ 19.036863264576191, 47.403771221778179 ], [ 19.02967310534617, 47.402806600229454 ] ] ] } },
{ "type": "Feature", "properties": { "h3": "881e037a19fffff" }, "geometry": { "type": "Polygon", "coordinates": [ [ [ 19.021015541398409, 47.546052214773049 ], [ 19.018588041635333, 47.541604715548246 ], [ 19.023363178460613, 47.53812156292399 ], [ 19.030565786132474, 47.53908573443038 ], [ 19.032993941825168, 47.543533154238439 ], [ 19.028218833996174, 47.547016481972946 ], [ 19.021015541398409, 47.546052214773049 ] ] ] } },
{ "type": "Feature", "properties": { "h3": "881e036163fffff" }, "geometry": { "type": "Polygon", "coordinates": [ [ [ 19.152142164895832, 47.443935930099144 ], [ 19.14970984234661, 47.439485404095009 ], [ 19.154473705922605, 47.435991752874926 ], [ 19.161669858696872, 47.436948452741312 ], [ 19.164102832885433, 47.44139889821782 ], [ 19.159339002740317, 47.444892724371506 ], [ 19.152142164895832, 47.443935930099144 ] ] ] } },
{ "type": "Feature", "properties": { "h3": "881e0379e3fffff" }, "geometry": { "type": "Polygon", "coordinates": [ [ [ 19.001067903637356, 47.423739095458366 ], [ 18.998645465737134, 47.419284837435271 ], [ 19.003413802495054, 47.415796918078726 ], [ 19.01060454901403, 47.416763081849609 ], [ 19.013027641158288, 47.421217260940523 ], [ 19.008259332618891, 47.424705355208786 ], [ 19.001067903637356, 47.423739095458366 ] ] ] } },
{ "type": "Feature", "properties": { "h3": "881e0371b1fffff" }, "geometry": { "type": "Polygon", "coordinates": [ [ [ 19.157718851172376, 47.539540251165619 ], [ 19.155283176000932, 47.535094838181408 ], [ 19.160052724606167, 47.531605352532189 ], [ 19.167257914756828, 47.532561104793331 ], [ 19.169694243072435, 47.537006436977336 ], [ 19.164924728173453, 47.540496097716378 ], [ 19.157718851172376, 47.539540251165619 ] ] ] } },
{ "type": "Feature", "properties": { "h3": "881e034493fffff" }, "geometry": { "type": "Polygon", "coordinates": [ [ [ 19.01890574888105, 47.591102693196852 ], [ 19.016476960178959, 47.586657525679328 ], [ 19.021254967051444, 47.583176553303176 ], [ 19.028461733748561, 47.584140573274667 ], [ 19.030891179188188, 47.588585661292555 ], [ 19.02611320127312, 47.592066808854689 ], [ 19.01890574888105, 47.591102693196852 ] ] ] } },
{ "type": "Feature", "properties": { "h3": "881e037a3dfffff" }, "geometry": { "type": "Polygon", "coordinates": [ [ [ 18.994479851388149, 47.521880286957526 ], [ 18.992054740489241, 47.517431050463223 ], [ 18.996829383140678, 47.513947952333993 ], [ 19.004029108707254, 47.514913915644499 ], [ 19.006454875641637, 47.519363073050123 ], [ 19.001680261053583, 47.52284634625002 ], [ 18.994479851388149, 47.521880286957526 ] ] ] } },
{ "type": "Feature", "properties": { "h3": "881e0362abfffff" }, "geometry": { "type": "Polygon", "coordinates": [ [ [ 19.301385484853355, 47.509044082742406 ], [ 19.298941990339774, 47.504599647037985 ], [ 19.303704159536728, 47.501102434656822 ], [ 19.310909784696157, 47.502049482979835 ], [ 19.313353929007203, 47.506493836489256 ], [ 19.308591798441945, 47.509991223886509 ], [ 19.301385484853355, 47.509044082742406 ] ] ] } },
{ "type": "Feature", "properties": { "h3": "881e036031fffff" }, "geometry": { "type": "Polygon", "coordinates": [ [ [ 19.257799712243447, 47.466185187759201 ], [ 19.255360232474086, 47.461737718209534 ], [ 19.26012143340893, 47.458240444750167 ], [ 19.267322077105437, 47.459190465902367 ], [ 19.269762206812359, 47.46363785379593 ], [ 19.265001042965515, 47.467135302209243 ], [ 19.257799712243447, 47.466185187759201 ] ] ] } },
{ "type": "Feature", "properties": { "h3": "881e037a5dfffff" }, "geometry": { "type": "Polygon", "coordinates": [ [ [ 18.994706419520391, 47.559014893608875 ], [ 18.992280127447909, 47.554567611063675 ], [ 18.997057059644714, 47.551086221626797 ], [ 19.004260255895463, 47.55205193961887 ], [ 19.006687204630627, 47.556499142987093 ], [ 19.001910300532128, 47.559980707556328 ], [ 18.994706419520391, 47.559014893608875 ] ] ] } },
{ "type": "Feature", "properties": { "h3": "881e036017fffff" }, "geometry": { "type": "Polygon", "coordinates": [ [ [ 19.277084331919383, 47.476978355263199 ], [ 19.27464333417673, 47.472531798529147 ], [ 19.279404460598379, 47.469034175154817 ], [ 19.28660654708052, 47.469982933562392 ], [ 19.289048194561701, 47.474429408419951 ], [ 19.28428710590261, 47.477927206762303 ], [ 19.277084331919383, 47.476978355263199 ] ] ] } },
{ "type": "Feature", "properties": { "h3": "881e03702bfffff" }, "geometry": { "type": "Polygon", "coordinates": [ [ [ 19.117398282148709, 47.60011647978736 ], [ 19.114963164572977, 47.595673535187032 ], [ 19.119737996282161, 47.592188631071132 ], [ 19.126947913280869, 47.593146496375496 ], [ 19.129383685819896, 47.597589360448296 ], [ 19.124608886477148, 47.601074439760268 ], [ 19.117398282148709, 47.60011647978736 ] ] ] } },
{ "type": "Feature", "properties": { "h3": "881e036aabfffff" }, "geometry": { "type": "Polygon", "coordinates": [ [ [ 19.182731894803233, 47.377817403503805 ], [ 19.180299779578714, 47.373363968397712 ], [ 19.185058413651269, 47.369865930497618 ], [ 19.192249128603706, 47.370821152895033 ], [ 19.194681893757128, 47.375274507307033 ], [ 19.189923294109018, 47.378772720031584 ], [ 19.182731894803233, 47.377817403503805 ] ] ] } },
{ "type": "Feature", "properties": { "h3": "881e0360c3fffff" }, "geometry": { "type": "Polygon", "coordinates": [ [ [ 19.320304745738071, 47.482664680720973 ], [ 19.31786093095997, 47.478219201911593 ], [ 19.322620747570312, 47.474719943192966 ], [ 19.329824339782249, 47.475665988331066 ], [ 19.332268803540085, 47.480111384811664 ], [ 19.327509026186775, 47.48361081849874 ], [ 19.320304745738071, 47.482664680720973 ] ] ] } },
{ "type": "Feature", "properties": { "h3": "881e037917fffff" }, "geometry": { "type": "Polygon", "coordinates": [ [ [ 18.97479786602954, 47.436718863240422 ], [ 18.972376633086718, 47.432264821273172 ], [ 18.97714675820831, 47.42877866077982 ], [ 18.984338089027492, 47.429746367337074 ], [ 18.986759976943471, 47.434200330613024 ], [ 18.981989879146422, 47.437686666039077 ], [ 18.97479786602954, 47.436718863240422 ] ] ] } },
{ "type": "Feature", "properties": { "h3": "881e036133fffff" }, "geometry": { "type": "Polygon", "coordinates": [ [ [ 19.202307892467672, 47.425833171859068 ], [ 19.199873072882554, 47.421382594643028 ], [ 19.204633911711689, 47.41788590282448 ], [ 19.211829535065377, 47.418839613339998 ], [ 19.214265005001611, 47.423290109555722 ], [ 19.209504201313024, 47.426786976272119 ], [ 19.202307892467672, 47.425833171859068 ] ] ] } },
{ "type": "Feature", "properties": { "h3": "881e0379bbfffff" }, "geometry": { "type": "Polygon", "coordinates": [ [ [ 19.04890350090928, 47.413643551720646 ], [ 19.046478447682322, 47.409189610130035 ], [ 19.051244358870335, 47.405699114239006 ], [ 19.058435293509334, 47.406662385060685 ], [ 19.060860999880283, 47.411116247250071 ], [ 19.056095118547724, 47.414606918035005 ], [ 19.04890350090928, 47.413643551720646 ] ] ] } },
{ "type": "Feature", "properties": { "h3": "881e036a61fffff" }, "geometry": { "type": "Polygon", "coordinates": [ [ [ 19.07281793670796, 47.408587575660817 ], [ 19.070391577468374, 47.404133792989818 ], [ 19.075156273690283, 47.400642009626573 ], [ 19.082347298557831, 47.401603834065902 ], [ 19.084774310390582, 47.406057537101397 ], [ 19.080009644842189, 47.409549495349104 ], [ 19.07281793670796, 47.408587575660817 ] ] ] } },
{ "type": "Feature", "properties": { "h3": "881e037b5bfffff" }, "geometry": { "type": "Polygon", "coordinates": [ [ [ 18.948928768370976, 47.524005367544419 ], [ 18.946506388539174, 47.51955544115139 ], [ 18.951282876983136, 47.516074456063436 ], [ 18.958481718843597, 47.517043222310619 ], [ 18.960904755631901, 47.521493070078002 ], [ 18.956128293682742, 47.524974230239998 ], [ 18.948928768370976, 47.524005367544419 ] ] ] } },
{ "type": "Feature", "properties": { "h3": "881e03614dfffff" }, "geometry": { "type": "Polygon", "coordinates": [ [ [ 19.145144716816745, 47.467763404697564 ], [ 19.142712072930266, 47.463314001410119 ], [ 19.147477670477787, 47.459821756221494 ], [ 19.154675878781131, 47.460778739363299 ], [ 19.157109174845672, 47.4652280621413 ], [ 19.152343610508765, 47.468720482302892 ], [ 19.145144716816745, 47.467763404697564 ] ] ] } },
{ "type": "Feature", "properties": { "h3": "881e036ad1fffff" }, "geometry": { "type": "Polygon", "coordinates": [ [ [ 19.206959461388692, 47.409937792046165 ], [ 19.204524857563122, 47.405486467074063 ], [ 19.20928454163321, 47.401988839736042 ], [ 19.216478794322832, 47.402942362514246 ], [ 19.21891404814123, 47.40739360647364 ], [ 19.214154399357149, 47.410891408683412 ], [ 19.206959461388692, 47.409937792046165 ] ] ] } },
{ "type": "Feature", "properties": { "h3": "881e0362a1fffff" }, "geometry": { "type": "Polygon", "coordinates": [ [ [ 19.291736397906298, 47.503651873488394 ], [ 19.289293662941652, 47.499206980497704 ], [ 19.294055870432331, 47.495709943125661 ], [ 19.301260774674496, 47.496657623751027 ], [ 19.303704159536728, 47.501102434656822 ], [ 19.298941990339774, 47.504599647037985 ], [ 19.291736397906298, 47.503651873488394 ] ] ] } },
{ "type": "Feature", "properties": { "h3": "881e037ac7fffff" }, "geometry": { "type": "Polygon", "coordinates": [ [ [ 19.059292900418232, 47.530558569313094 ], [ 19.056863539610887, 47.526110933651026 ], [ 19.061636270777271, 47.522625373540073 ], [ 19.068838332526539, 47.523587274024258 ], [ 19.071268348253508, 47.528034829913032 ], [ 19.066495647391498, 47.531520565106966 ], [ 19.059292900418232, 47.530558569313094 ] ] ] } },
{ "type": "Feature", "properties": { "h3": "881e037a2bfffff" }, "geometry": { "type": "Polygon", "coordinates": [ [ [ 18.98250426916206, 47.524396130064879 ], [ 18.980079814574236, 47.519946814599017 ], [ 18.984855064024263, 47.516464362327589 ], [ 18.992054740489241, 47.517431050463223 ], [ 18.994479851388149, 47.521880286957526 ], [ 18.989704629590566, 47.525362914303876 ], [ 18.98250426916206, 47.524396130064879 ] ] ] } },
{ "type": "Feature", "properties": { "h3": "881e036105fffff" }, "geometry": { "type": "Polygon", "coordinates": [ [ [ 19.164102832885433, 47.44139889821782 ], [ 19.161669858696872, 47.436948452741312 ], [ 19.166433111019057, 47.433454158153907 ], [ 19.173629303769587, 47.43441013413085 ], [ 19.176062929320462, 47.438860498963031 ], [ 19.171299710838436, 47.442354968478512 ], [ 19.164102832885433, 47.44139889821782 ] ] ] } },
{ "type": "Feature", "properties": { "h3": "881e03603bfffff" }, "geometry": { "type": "Polygon", "coordinates": [ [ [ 19.267441281688441, 47.47158231545108 ], [ 19.265001042965515, 47.467135302209243 ], [ 19.269762206812359, 47.46363785379593 ], [ 19.276963572037303, 47.464587243679311 ], [ 19.279404460598379, 47.469034175154817 ], [ 19.27464333417673, 47.472531798529147 ], [ 19.267441281688441, 47.47158231545108 ] ] ] } },
{ "type": "Feature", "properties": { "h3": "881e036addfffff" }, "geometry": { "type": "Polygon", "coordinates": [ [ [ 19.195004299827108, 47.412480611452793 ], [ 19.192570346271648, 47.408029205584597 ], [ 19.197330642538326, 47.404532220826063 ], [ 19.204524857563122, 47.405486467074063 ], [ 19.206959461388692, 47.409937792046165 ], [ 19.202199199999303, 47.413434951682255 ], [ 19.195004299827108, 47.412480611452793 ] ] ] } },
{ "type": "Feature", "properties": { "h3": "881e1cb69bfffff" }, "geometry": { "type": "Polygon", "coordinates": [ [ [ 18.998493406670008, 47.394488057885582 ], [ 18.996072041578103, 47.390032227762802 ], [ 19.000838674144674, 47.386543075318713 ], [ 19.008026643773736, 47.387509578147842 ], [ 19.010448662665485, 47.391965329430938 ], [ 19.005682058207601, 47.395454656740611 ], [ 18.998493406670008, 47.394488057885582 ] ] ] } },
{ "type": "Feature", "properties": { "h3": "881e037163fffff" }, "geometry": { "type": "Polygon", "coordinates": [ [ [ 19.035586609528561, 47.572731400776462 ], [ 19.033157375393422, 47.568285561627597 ], [ 19.037933613294918, 47.564803000549446 ], [ 19.04513905589215, 47.565766103481785 ], [ 19.047568946126393, 47.570211863002882 ], [ 19.042792737744236, 47.573694599235509 ], [ 19.035586609528561, 47.572731400776462 ] ] ] } },
{ "type": "Feature", "properties": { "h3": "881e036323fffff" }, "geometry": { "type": "Polygon", "coordinates": [ [ [ 19.152444381771488, 47.481109955756985 ], [ 19.150010871194677, 47.476661381923833 ], [ 19.154777013836636, 47.473169430656327 ], [ 19.161976633661908, 47.474125878244031 ], [ 19.164410796498892, 47.478574371463068 ], [ 19.159644687330463, 47.48206649772446 ], [ 19.152444381771488, 47.481109955756985 ] ] ] } },
{ "type": "Feature", "properties": { "h3": "881e036151fffff" }, "geometry": { "type": "Polygon", "coordinates": [ [ [ 19.190670748031206, 47.465556883470903 ], [ 19.188235389294221, 47.461108177327581 ], [ 19.192999117129652, 47.457613826327801 ], [ 19.200198169006065, 47.458568006523585 ], [ 19.202634178990916, 47.463016631697066 ], [ 19.197870485931588, 47.466511157660541 ], [ 19.190670748031206, 47.465556883470903 ] ] ] } },
{ "type": "Feature", "properties": { "h3": "881e03631bfffff" }, "geometry": { "type": "Polygon", "coordinates": [ [ [ 19.20063211726141, 47.508122397029531 ], [ 19.198194807636298, 47.503676101318774 ], [ 19.202960779543496, 47.500183275005 ], [ 19.21016402599821, 47.501136569385793 ], [ 19.212601987392972, 47.505582783929555 ], [ 19.207836050643628, 47.509075785275456 ], [ 19.20063211726141, 47.508122397029531 ] ] ] } },
{ "type": "Feature", "properties": { "h3": "881e036ac9fffff" }, "geometry": { "type": "Polygon", "coordinates": [ [ [ 19.171092256275514, 47.417562151159792 ], [ 19.168659604091655, 47.41311058384936 ], [ 19.173421123667701, 47.409614884652818 ], [ 19.180615261447901, 47.410570577893637 ], [ 19.183048564456069, 47.41502206454129 ], [ 19.178287078939647, 47.418517938626813 ], [ 19.171092256275514, 47.417562151159792 ] ] ] } },
{ "type": "Feature", "properties": { "h3": "881e037883fffff" }, "geometry": { "type": "Polygon", "coordinates": [ [ [ 19.101956734035895, 47.462011460998554 ], [ 19.099526914403754, 47.457560988218901 ], [ 19.104293797427001, 47.454070380878342 ], [ 19.111490468443183, 47.45503007136562 ], [ 19.113920941001304, 47.459480464090881 ], [ 19.109154089697068, 47.462971246399242 ], [ 19.101956734035895, 47.462011460998554 ] ] ] } },
{ "type": "Feature", "properties": { "h3": "881e0378ddfffff" }, "geometry": { "type": "Polygon", "coordinates": [ [ [ 19.094942712619286, 47.48582963980121 ], [ 19.092512573850293, 47.481380290097974 ], [ 19.09728119176717, 47.477891090670546 ], [ 19.104479917035842, 47.478851065955276 ], [ 19.106910709270345, 47.483300335622125 ], [ 19.102142122850498, 47.486789710056613 ], [ 19.094942712619286, 47.48582963980121 ] ] ] } },
{ "type": "Feature", "properties": { "h3": "881e0378a9fffff" }, "geometry": { "type": "Polygon", "coordinates": [ [ [ 19.070741948476716, 47.453716623845182 ], [ 19.068314301032853, 47.449265163329009 ], [ 19.073081855154246, 47.445775550072263 ], [ 19.080277026161205, 47.446737222391008 ], [ 19.082705327000273, 47.451188603191497 ], [ 19.077937803516839, 47.45467839140494 ], [ 19.070741948476716, 47.453716623845182 ] ] ] } },
{ "type": "Feature", "properties": { "h3": "881e037a4dfffff" }, "geometry": { "type": "Polygon", "coordinates": [ [ [ 18.961115149887203, 47.558626944181086 ], [ 18.958690933913179, 47.554179049628452 ], [ 18.963469107463471, 47.550699128178522 ], [ 18.970671470128334, 47.551666926165716 ], [ 18.973096343411854, 47.556114741887022 ], [ 18.96831819680067, 47.559594838468591 ], [ 18.961115149887203, 47.558626944181086 ] ] ] } },
{ "type": "Feature", "properties": { "h3": "881e0379e9fffff" }, "geometry": { "type": "Polygon", "coordinates": [ [ [ 18.986759976943471, 47.434200330613024 ], [ 18.984338089027492, 47.429746367337074 ], [ 18.989107608986206, 47.426259562120272 ], [ 18.996298989206103, 47.427226545266855 ], [ 18.998721531820667, 47.431680429734108 ], [ 18.993952039596092, 47.435167409879519 ], [ 18.986759976943471, 47.434200330613024 ] ] ] } },
{ "type": "Feature", "properties": { "h3": "881e037a97fffff" }, "geometry": { "type": "Polygon", "coordinates": [ [ [ 19.10952961140201, 47.512519932740233 ], [ 19.107097739228195, 47.508072241952391 ], [ 19.111867451309326, 47.504583631632414 ], [ 19.119069003622638, 47.505542537066567 ], [ 19.121501529428194, 47.509990147608093 ], [ 19.116731849368684, 47.513478932977776 ], [ 19.10952961140201, 47.512519932740233 ] ] ] } },
{ "type": "Feature", "properties": { "h3": "881e037a93fffff" }, "geometry": { "type": "Polygon", "coordinates": [ [ [ 19.119164482005488, 47.51792616860525 ], [ 19.116731849368684, 47.513478932977776 ], [ 19.121501529428194, 47.509990147608093 ], [ 19.128703809846286, 47.510948422824008 ], [ 19.131137096017682, 47.515395578094299 ], [ 19.126367448316419, 47.518884538521839 ], [ 19.119164482005488, 47.51792616860525 ] ] ] } },
{ "type": "Feature", "properties": { "h3": "881e0344b9fffff" }, "geometry": { "type": "Polygon", "coordinates": [ [ [ 18.98765165027374, 47.582795829827795 ], [ 18.985225043301053, 47.578349673337101 ], [ 18.990003714970833, 47.574869697917741 ], [ 18.99720896582096, 47.575835703832865 ], [ 18.99963622999887, 47.580281781163578 ], [ 18.994857586201245, 47.583761931755255 ], [ 18.98765165027374, 47.582795829827795 ] ] ] } },
{ "type": "Feature", "properties": { "h3": "881e037109fffff" }, "geometry": { "type": "Polygon", "coordinates": [ [ [ 19.054860352442962, 47.583547479965077 ], [ 19.052429594358895, 47.579102551297041 ], [ 19.057205772884917, 47.575619639901191 ], [ 19.064412679381888, 47.576581482017453 ], [ 19.066844093372548, 47.581026330835336 ], [ 19.062067945039644, 47.584509417403183 ], [ 19.054860352442962, 47.583547479965077 ] ] ] } },
{ "type": "Feature", "properties": { "h3": "881e037a0dfffff" }, "geometry": { "type": "Polygon", "coordinates": [ [ [ 18.977801255818811, 47.540257128219338 ], [ 18.975376591852527, 47.535808562435754 ], [ 18.980152999805497, 47.532327052098509 ], [ 18.987354044302748, 47.533293932459792 ], [ 18.989779364941359, 47.537742419283411 ], [ 18.985002984490031, 47.54122410472182 ], [ 18.977801255818811, 47.540257128219338 ] ] ] } },
{ "type": "Feature", "properties": { "h3": "881e036229fffff" }, "geometry": { "type": "Polygon", "coordinates": [ [ [ 19.205616974008514, 47.529396773970241 ], [ 19.203178687929892, 47.524951684885465 ], [ 19.207945782530665, 47.521459621511653 ], [ 19.215151127941219, 47.522412472171794 ], [ 19.217590066050555, 47.526857479990788 ], [ 19.212823006798978, 47.530349718431346 ], [ 19.205616974008514, 47.529396773970241 ] ] ] } },
{ "type": "Feature", "properties": { "h3": "881e036157fffff" }, "geometry": { "type": "Polygon", "coordinates": [ [ [ 19.192999117129652, 47.457613826327801 ], [ 19.190563866194726, 47.453164745777983 ], [ 19.195327015987782, 47.449669926383898 ], [ 19.202525381946728, 47.450624012605083 ], [ 19.204961283950045, 47.455073012179028 ], [ 19.200198169006065, 47.458568006523585 ], [ 19.192999117129652, 47.457613826327801 ] ] ] } },
{ "type": "Feature", "properties": { "h3": "881e0371adfffff" }, "geometry": { "type": "Polygon", "coordinates": [ [ [ 19.11215050608245, 47.541729162363147 ], [ 19.109717553039477, 47.537283052048934 ], [ 19.114488970467967, 47.533795676192234 ], [ 19.121693308883213, 47.534754235567739 ], [ 19.124126916001384, 47.539200265542206 ], [ 19.119355530709193, 47.542687816496915 ], [ 19.11215050608245, 47.541729162363147 ] ] ] } },
{ "type": "Feature", "properties": { "h3": "881e036a5bfffff" }, "geometry": { "type": "Polygon", "coordinates": [ [ [ 19.13288678031136, 47.433118946788852 ], [ 19.130455975450186, 47.428667512057515 ], [ 19.135219904880273, 47.425174210681732 ], [ 19.142414606492224, 47.426132169134938 ], [ 19.144846063187405, 47.430583523559932 ], [ 19.140082166516468, 47.434076999854042 ], [ 19.13288678031136, 47.433118946788852 ] ] ] } },
{ "type": "Feature", "properties": { "h3": "881e0378adfffff" }, "geometry": { "type": "Polygon", "coordinates": [ [ [ 19.061119174983666, 47.448302767111443 ], [ 19.058692286929425, 47.443850852996967 ], [ 19.063459871353441, 47.440361414688788 ], [ 19.070654313608703, 47.441323715562518 ], [ 19.073081855154246, 47.445775550072263 ], [ 19.068314301032853, 47.449265163329009 ], [ 19.061119174983666, 47.448302767111443 ] ] ] } },
{ "type": "Feature", "properties": { "h3": "881e037a67fffff" }, "geometry": { "type": "Polygon", "coordinates": [ [ [ 18.958551434822013, 47.529423703297311 ], [ 18.956128293682742, 47.524974230239998 ], [ 18.960904755631901, 47.521493070078002 ], [ 18.968104331969553, 47.522461207906346 ], [ 18.970528129970791, 47.526910602226565 ], [ 18.965751694851917, 47.53039193747167 ], [ 18.958551434822013, 47.529423703297311 ] ] ] } },
{ "type": "Feature", "properties": { "h3": "881e036135fffff" }, "geometry": { "type": "Polygon", "coordinates": [ [ [ 19.180720489476261, 47.422969051432219 ], [ 19.178287078939647, 47.418517938626813 ], [ 19.183048564456069, 47.41502206454129 ], [ 19.190243426193515, 47.415977128380739 ], [ 19.192677487456628, 47.420428160412882 ], [ 19.187916036335725, 47.423924209394734 ], [ 19.180720489476261, 47.422969051432219 ] ] ] } },
{ "type": "Feature", "properties": { "h3": "881e036339fffff" }, "geometry": { "type": "Polygon", "coordinates": [ [ [ 19.171715019237624, 47.491918191157133 ], [ 19.169279989244085, 47.48747052797242 ], [ 19.174046064602447, 47.483978226709411 ], [ 19.181247135887642, 47.484933413637798 ], [ 19.18368281794573, 47.489380995987183 ], [ 19.178916776734173, 47.492873472259468 ], [ 19.171715019237624, 47.491918191157133 ] ] ] } },
{ "type": "Feature", "properties": { "h3": "881e0378b5fffff" }, "geometry": { "type": "Polygon", "coordinates": [ [ [ 19.097005523364075, 47.440717011929465 ], [ 19.094576675663706, 47.43626533698027 ], [ 19.099342434224479, 47.432773966539465 ], [ 19.10653700903417, 47.433734096129982 ], [ 19.108966509397842, 47.438185691123465 ], [ 19.104200782368228, 47.44167723649813 ], [ 19.097005523364075, 47.440717011929465 ] ] ] } },
{ "type": "Feature", "properties": { "h3": "881e036ad5fffff" }, "geometry": { "type": "Polygon", "coordinates": [ [ [ 19.197330642538326, 47.404532220826063 ], [ 19.194896796704651, 47.400080441218194 ], [ 19.199656515724847, 47.396582988744726 ], [ 19.206850045708528, 47.397537141030469 ], [ 19.20928454163321, 47.401988839736042 ], [ 19.204524857563122, 47.405486467074063 ], [ 19.197330642538326, 47.404532220826063 ] ] ] } },
{ "type": "Feature", "properties": { "h3": "881e034597fffff" }, "geometry": { "type": "Polygon", "coordinates": [ [ [ 18.941863591780823, 47.547793025792281 ], [ 18.939440899484577, 47.543344223832051 ], [ 18.944219125905686, 47.539864652617808 ], [ 18.95142001843503, 47.540833708266696 ], [ 18.953843368230025, 47.545282431618617 ], [ 18.949065168076473, 47.548762177946095 ], [ 18.941863591780823, 47.547793025792281 ] ] ] } },
{ "type": "Feature", "properties": { "h3": "881e0378b3fffff" }, "geometry": { "type": "Polygon", "coordinates": [ [ [ 19.118592070809182, 47.443596332792886 ], [ 19.116161811441525, 47.439145191841213 ], [ 19.120926928714255, 47.435653002693371 ], [ 19.128122273158251, 47.436611779576566 ], [ 19.130553184816026, 47.441062840344856 ], [ 19.125788099819491, 47.444555204429285 ], [ 19.118592070809182, 47.443596332792886 ] ] ] } },
{ "type": "Feature", "properties": { "h3": "881e037849fffff" }, "geometry": { "type": "Polygon", "coordinates": [ [ [ 18.987205384527773, 47.508531749095923 ], [ 18.984781139379539, 47.504081684328483 ], [ 18.989555230808296, 47.500598290579333 ], [ 18.996753539661842, 47.501564786564941 ], [ 18.999178440760186, 47.506014772349168 ], [ 18.994404377134465, 47.509498341147101 ], [ 18.987205384527773, 47.508531749095923 ] ] ] } },
{ "type": "Feature", "properties": { "h3": "881e036a33fffff" }, "geometry": { "type": "Polygon", "coordinates": [ [ [ 19.134926186656351, 47.387975333105999 ], [ 19.132496673912307, 47.383521576391693 ], [ 19.137257749322774, 47.380026108653134 ], [ 19.144448304765994, 47.38098422279846 ], [ 19.146878468544642, 47.385437899285982 ], [ 19.142117425925118, 47.388933541870905 ], [ 19.134926186656351, 47.387975333105999 ] ] ] } },
{ "type": "Feature", "properties": { "h3": "881e037809fffff" }, "geometry": { "type": "Polygon", "coordinates": [ [ [ 19.003875134142575, 47.49014587713382 ], [ 19.001450442905522, 47.485695142441195 ], [ 19.006222770176528, 47.482210162322893 ], [ 19.013419760400303, 47.483175741894783 ], [ 19.015845106951364, 47.487626397475168 ], [ 19.011072808044204, 47.49111155261199 ], [ 19.003875134142575, 47.49014587713382 ] ] ] } },
{ "type": "Feature", "properties": { "h3": "881e037a61fffff" }, "geometry": { "type": "Polygon", "coordinates": [ [ [ 18.956197639066669, 47.537353490547162 ], [ 18.953774393591832, 47.532904392295031 ], [ 18.958551434822013, 47.529423703297311 ], [ 18.965751694851917, 47.53039193747167 ], [ 18.968175597369388, 47.534840956992461 ], [ 18.96339858289388, 47.538321821086392 ], [ 18.956197639066669, 47.537353490547162 ] ] ] } },
{ "type": "Feature", "properties": { "h3": "881e037ad1fffff" }, "geometry": { "type": "Polygon", "coordinates": [ [ [ 19.090536976887513, 47.538850487807331 ], [ 19.088105439253845, 47.534403841952653 ], [ 19.092877499160672, 47.530917286360179 ], [ 19.100081065392715, 47.531877201543573 ], [ 19.102513257475952, 47.536323767286156 ], [ 19.097741228957599, 47.539810497973477 ], [ 19.090536976887513, 47.538850487807331 ] ] ] } },
{ "type": "Feature", "properties": { "h3": "881e037157fffff" }, "geometry": { "type": "Polygon", "coordinates": [ [ [ 19.07648390739103, 47.586431935396519 ], [ 19.074051731418116, 47.581987542230358 ], [ 19.078827269158747, 47.578503809591169 ], [ 19.086034952010326, 47.579464294958477 ], [ 19.088467783515874, 47.583908608046677 ], [ 19.083692276717294, 47.587392515861595 ], [ 19.07648390739103, 47.586431935396519 ] ] ] } },
{ "type": "Feature", "properties": { "h3": "881e03784bfffff" }, "geometry": { "type": "Polygon", "coordinates": [ [ [ 18.999178440760186, 47.506014772349168 ], [ 18.996753539661842, 47.501564786564941 ], [ 19.001527024382305, 47.498080747212541 ], [ 19.008725382066995, 47.499046518615891 ], [ 19.011150938839933, 47.503496425299687 ], [ 19.006377482333217, 47.506980639696614 ], [ 18.999178440760186, 47.506014772349168 ] ] ] } },
{ "type": "Feature", "properties": { "h3": "881e036843fffff" }, "geometry": { "type": "Polygon", "coordinates": [ [ [ 19.118020759513975, 47.369199282462226 ], [ 19.115592868790674, 47.364744246014077 ], [ 19.120353431996858, 47.361248660012564 ], [ 19.127541853811419, 47.362207935656464 ], [ 19.1299703955839, 47.366662892092798 ], [ 19.125209864572202, 47.370158652912984 ], [ 19.118020759513975, 47.369199282462226 ] ] ] } },
{ "type": "Feature", "properties": { "h3": "881e0379edfffff" }, "geometry": { "type": "Polygon", "coordinates": [ [ [ 18.97714675820831, 47.42877866077982 ], [ 18.974725629620046, 47.424324245244442 ], [ 18.979495176978446, 47.420837614947693 ], [ 18.986685825604699, 47.421805225282334 ], [ 18.989107608986206, 47.426259562120272 ], [ 18.984338089027492, 47.429746367337074 ], [ 18.97714675820831, 47.42877866077982 ] ] ] } },
{ "type": "Feature", "properties": { "h3": "881e037845fffff" }, "geometry": { "type": "Polygon", "coordinates": [ [ [ 18.979933514533951, 47.495180726889906 ], [ 18.977510134750947, 47.490729834324412 ], [ 18.98228367489255, 47.487246145034781 ], [ 18.989480567353759, 47.488213173299755 ], [ 18.991904603001437, 47.492663986987424 ], [ 18.987131090402745, 47.496147851304052 ], [ 18.979933514533951, 47.495180726889906 ] ] ] } },
{ "type": "Feature", "properties": { "h3": "881e036047fffff" }, "geometry": { "type": "Polygon", "coordinates": [ [ [ 19.226897411655784, 47.495101554727491 ], [ 19.224458907205584, 47.490655046510625 ], [ 19.229223072370676, 47.487160464067713 ], [ 19.236425706015282, 47.488112214850908 ], [ 19.238864861498602, 47.492558641662185 ], [ 19.23410073238448, 47.496053399111759 ], [ 19.226897411655784, 47.495101554727491 ] ] ] } },
{ "type": "Feature", "properties": { "h3": "881e036225fffff" }, "geometry": { "type": "Polygon", "coordinates": [ [ [ 19.198302984249374, 47.516060675048244 ], [ 19.195865566562002, 47.511614754401073 ], [ 19.20063211726141, 47.508122397029531 ], [ 19.207836050643628, 47.509075785275456 ], [ 19.210274120280459, 47.513521624761474 ], [ 19.205507604665875, 47.517014157178636 ], [ 19.198302984249374, 47.516060675048244 ] ] ] } },
{ "type": "Feature", "properties": { "h3": "881e03459bfffff" }, "geometry": { "type": "Polygon", "coordinates": [ [ [ 18.949133400769142, 47.561137774391248 ], [ 18.94670984238018, 47.556689801124513 ], [ 18.951488622176161, 47.553210526302855 ], [ 18.958690933913179, 47.554179049628452 ], [ 18.961115149887203, 47.558626944181086 ], [ 18.956336396618724, 47.562106394138347 ], [ 18.949133400769142, 47.561137774391248 ] ] ] } },
{ "type": "Feature", "properties": { "h3": "881e037a35fffff" }, "geometry": { "type": "Polygon", "coordinates": [ [ [ 18.996829383140678, 47.513947952333993 ], [ 18.994404377134465, 47.509498341147101 ], [ 18.999178440760186, 47.506014772349168 ], [ 19.006377482333217, 47.506980639696614 ], [ 19.008803144194424, 47.511430171788973 ], [ 19.004029108707254, 47.514913915644499 ], [ 18.996829383140678, 47.513947952333993 ] ] ] } },
{ "type": "Feature", "properties": { "h3": "881e037a81fffff" }, "geometry": { "type": "Polygon", "coordinates": [ [ [ 19.073610454200455, 47.520101068596482 ], [ 19.071180544583907, 47.515653137770293 ], [ 19.075952087190387, 47.512166462222936 ], [ 19.083153508703599, 47.513127542452921 ], [ 19.085584072782783, 47.517575393383133 ], [ 19.080812560965995, 47.52106224399536 ], [ 19.073610454200455, 47.520101068596482 ] ] ] } },
{ "type": "Feature", "properties": { "h3": "881e037817fffff" }, "geometry": { "type": "Polygon", "coordinates": [ [ [ 19.042127222424192, 47.474645916951395 ], [ 19.03970067156585, 47.470195045653838 ], [ 19.044470598385306, 47.466707660452393 ], [ 19.051667046473327, 47.467670971572453 ], [ 19.054094251638507, 47.472121763400395 ], [ 19.049324354488466, 47.47560932359395 ], [ 19.042127222424192, 47.474645916951395 ] ] ] } },
{ "type": "Feature", "properties": { "h3": "881e037a21fffff" }, "geometry": { "type": "Polygon", "coordinates": [ [ [ 18.972880187852201, 47.518979401624044 ], [ 18.970456494382557, 47.51452963259959 ], [ 18.975231771149421, 47.511047355394155 ], [ 18.982430714148609, 47.512014672163318 ], [ 18.984855064024263, 47.516464362327589 ], [ 18.980079814574236, 47.519946814599017 ], [ 18.972880187852201, 47.518979401624044 ] ] ] } },
{ "type": "Feature", "properties": { "h3": "881e036311fffff" }, "geometry": { "type": "Polygon", "coordinates": [ [ [ 19.190991599279528, 47.502722081913035 ], [ 19.188555049598968, 47.498275330177542 ], [ 19.193321056326845, 47.494782678888321 ], [ 19.200523577994815, 47.495736604325984 ], [ 19.202960779543496, 47.500183275005 ], [ 19.198194807636298, 47.503676101318774 ], [ 19.190991599279528, 47.502722081913035 ] ] ] } },
{ "type": "Feature", "properties": { "h3": "881e0344b5fffff" }, "geometry": { "type": "Polygon", "coordinates": [ [ [ 18.980372696479357, 47.56945653039871 ], [ 18.977946956544425, 47.565009544056117 ], [ 18.982725075880488, 47.561529272333786 ], [ 18.98992890761992, 47.562495811820284 ], [ 18.992355304674401, 47.566942719108681 ], [ 18.987577212949631, 47.570423165980891 ], [ 18.980372696479357, 47.56945653039871 ] ] ] } },
{ "type": "Feature", "properties": { "h3": "881e03798dfffff" }, "geometry": { "type": "Polygon", "coordinates": [ [ [ 19.010682529657299, 47.429159160749983 ], [ 19.008259332618891, 47.424705355208786 ], [ 19.013027641158288, 47.421217260940523 ], [ 19.020219118262414, 47.422182797309418 ], [ 19.022642969449812, 47.426636523807282 ], [ 19.017874689463529, 47.430124792995635 ], [ 19.010682529657299, 47.429159160749983 ] ] ] } },
{ "type": "Feature", "properties": { "h3": "881e036a05fffff" }, "geometry": { "type": "Polygon", "coordinates": [ [ [ 19.096730119926693, 47.40352613172066 ], [ 19.094302455776383, 47.399072508437719 ], [ 19.099065935580384, 47.395579438133915 ], [ 19.106257048122984, 47.396539816254446 ], [ 19.108685364315107, 47.400993359667773 ], [ 19.103921916002435, 47.404486604846177 ], [ 19.096730119926693, 47.40352613172066 ] ] ] } },
{ "type": "Feature", "properties": { "h3": "881e037189fffff" }, "geometry": { "type": "Polygon", "coordinates": [ [ [ 19.138734635659127, 47.565870626831988 ], [ 19.136299292055782, 47.561426259565238 ], [ 19.141071191650568, 47.557938828415708 ], [ 19.148278401854881, 47.558895589412856 ], [ 19.150714399421261, 47.563339876013075 ], [ 19.14594253290052, 47.566827482298649 ], [ 19.138734635659127, 47.565870626831988 ] ] ] } },
{ "type": "Feature", "properties": { "h3": "881e037805fffff" }, "geometry": { "type": "Polygon", "coordinates": [ [ [ 18.996601925667697, 47.476792845416981 ], [ 18.994178099581408, 47.47234128319112 ], [ 18.998949876411807, 47.468856007858506 ], [ 19.006145451304373, 47.469822119770868 ], [ 19.008569932619579, 47.474273602989761 ], [ 19.003798183892805, 47.477759053319318 ], [ 18.996601925667697, 47.476792845416981 ] ] ] } }
]
}
